You're accessing the development server over HTTPS, but it only supports HTTP.
You're accessing the development server over HTTPS, but it only supports HTTP.
You're accessing the development server over HTTPS, but it only supports HTTP.
You're accessing the development server over HTTPS, but it only supports HTTP.
Internal Server Error: /feedback/feedback/2516/upload/
Traceback (most recent call last):
  File "/home/lab420pro/tsn/venv/lib/python3.9/site-packages/django/core/handlers/exception.py", line 55, in inner
    response = get_response(request)
  File "/home/lab420pro/tsn/venv/lib/python3.9/site-packages/django/core/handlers/base.py", line 197, in _get_response
    response = wrapped_callback(request, *callback_args, **callback_kwargs)
  File "/home/lab420pro/tsn/feedback_project/feedback_app/views.py", line 483, in upload_page
    return render(request, "feedback/upload_page.html", {"feedback": feedback})
  File "/home/lab420pro/tsn/venv/lib/python3.9/site-packages/django/shortcuts.py", line 24, in render
    content = loader.render_to_string(template_name, context, request, using=using)
  File "/home/lab420pro/tsn/venv/lib/python3.9/site-packages/django/template/loader.py", line 62, in render_to_string
    return template.render(context, request)
  File "/home/lab420pro/tsn/venv/lib/python3.9/site-packages/django/template/backends/django.py", line 61, in render
    return self.template.render(context)
  File "/home/lab420pro/tsn/venv/lib/python3.9/site-packages/django/template/base.py", line 175, in render
    return self._render(context)
  File "/home/lab420pro/tsn/venv/lib/python3.9/site-packages/django/template/base.py", line 167, in _render
    return self.nodelist.render(context)
  File "/home/lab420pro/tsn/venv/lib/python3.9/site-packages/django/template/base.py", line 1005, in render
    return SafeString("".join([node.render_annotated(context) for node in self]))
  File "/home/lab420pro/tsn/venv/lib/python3.9/site-packages/django/template/base.py", line 1005, in <listcomp>
    return SafeString("".join([node.render_annotated(context) for node in self]))
  File "/home/lab420pro/tsn/venv/lib/python3.9/site-packages/django/template/base.py", line 966, in render_annotated
    return self.render(context)
  File "/home/lab420pro/tsn/venv/lib/python3.9/site-packages/django/template/loader_tags.py", line 157, in render
    return compiled_parent._render(context)
  File "/home/lab420pro/tsn/venv/lib/python3.9/site-packages/django/template/base.py", line 167, in _render
    return self.nodelist.render(context)
  File "/home/lab420pro/tsn/venv/lib/python3.9/site-packages/django/template/base.py", line 1005, in render
    return SafeString("".join([node.render_annotated(context) for node in self]))
  File "/home/lab420pro/tsn/venv/lib/python3.9/site-packages/django/template/base.py", line 1005, in <listcomp>
    return SafeString("".join([node.render_annotated(context) for node in self]))
  File "/home/lab420pro/tsn/venv/lib/python3.9/site-packages/django/template/base.py", line 966, in render_annotated
    return self.render(context)
  File "/home/lab420pro/tsn/venv/lib/python3.9/site-packages/django/template/loader_tags.py", line 63, in render
    result = block.nodelist.render(context)
  File "/home/lab420pro/tsn/venv/lib/python3.9/site-packages/django/template/base.py", line 1005, in render
    return SafeString("".join([node.render_annotated(context) for node in self]))
  File "/home/lab420pro/tsn/venv/lib/python3.9/site-packages/django/template/base.py", line 1005, in <listcomp>
    return SafeString("".join([node.render_annotated(context) for node in self]))
  File "/home/lab420pro/tsn/venv/lib/python3.9/site-packages/django/template/base.py", line 966, in render_annotated
    return self.render(context)
  File "/home/lab420pro/tsn/venv/lib/python3.9/site-packages/django/template/defaulttags.py", line 471, in render
    url = reverse(view_name, args=args, kwargs=kwargs, current_app=current_app)
  File "/home/lab420pro/tsn/venv/lib/python3.9/site-packages/django/urls/base.py", line 88, in reverse
    return resolver._reverse_with_prefix(view, prefix, *args, **kwargs)
  File "/home/lab420pro/tsn/venv/lib/python3.9/site-packages/django/urls/resolvers.py", line 828, in _reverse_with_prefix
    raise NoReverseMatch(msg)
django.urls.exceptions.NoReverseMatch: Reverse for 'detail' not found. 'detail' is not a valid view function or pattern name.
"GET /feedback/feedback/2516/upload/ HTTP/1.1" 500 162091
Internal Server Error: /feedback/feedback/2516/upload/
Traceback (most recent call last):
  File "/home/lab420pro/tsn/venv/lib/python3.9/site-packages/django/core/handlers/exception.py", line 55, in inner
    response = get_response(request)
  File "/home/lab420pro/tsn/venv/lib/python3.9/site-packages/django/core/handlers/base.py", line 197, in _get_response
    response = wrapped_callback(request, *callback_args, **callback_kwargs)
  File "/home/lab420pro/tsn/feedback_project/feedback_app/views.py", line 483, in upload_page
    return render(request, "feedback/upload_page.html", {"feedback": feedback})
  File "/home/lab420pro/tsn/venv/lib/python3.9/site-packages/django/shortcuts.py", line 24, in render
    content = loader.render_to_string(template_name, context, request, using=using)
  File "/home/lab420pro/tsn/venv/lib/python3.9/site-packages/django/template/loader.py", line 62, in render_to_string
    return template.render(context, request)
  File "/home/lab420pro/tsn/venv/lib/python3.9/site-packages/django/template/backends/django.py", line 61, in render
    return self.template.render(context)
  File "/home/lab420pro/tsn/venv/lib/python3.9/site-packages/django/template/base.py", line 175, in render
    return self._render(context)
  File "/home/lab420pro/tsn/venv/lib/python3.9/site-packages/django/template/base.py", line 167, in _render
    return self.nodelist.render(context)
  File "/home/lab420pro/tsn/venv/lib/python3.9/site-packages/django/template/base.py", line 1005, in render
    return SafeString("".join([node.render_annotated(context) for node in self]))
  File "/home/lab420pro/tsn/venv/lib/python3.9/site-packages/django/template/base.py", line 1005, in <listcomp>
    return SafeString("".join([node.render_annotated(context) for node in self]))
  File "/home/lab420pro/tsn/venv/lib/python3.9/site-packages/django/template/base.py", line 966, in render_annotated
    return self.render(context)
  File "/home/lab420pro/tsn/venv/lib/python3.9/site-packages/django/template/loader_tags.py", line 157, in render
    return compiled_parent._render(context)
  File "/home/lab420pro/tsn/venv/lib/python3.9/site-packages/django/template/base.py", line 167, in _render
    return self.nodelist.render(context)
  File "/home/lab420pro/tsn/venv/lib/python3.9/site-packages/django/template/base.py", line 1005, in render
    return SafeString("".join([node.render_annotated(context) for node in self]))
  File "/home/lab420pro/tsn/venv/lib/python3.9/site-packages/django/template/base.py", line 1005, in <listcomp>
    return SafeString("".join([node.render_annotated(context) for node in self]))
  File "/home/lab420pro/tsn/venv/lib/python3.9/site-packages/django/template/base.py", line 966, in render_annotated
    return self.render(context)
  File "/home/lab420pro/tsn/venv/lib/python3.9/site-packages/django/template/loader_tags.py", line 63, in render
    result = block.nodelist.render(context)
  File "/home/lab420pro/tsn/venv/lib/python3.9/site-packages/django/template/base.py", line 1005, in render
    return SafeString("".join([node.render_annotated(context) for node in self]))
  File "/home/lab420pro/tsn/venv/lib/python3.9/site-packages/django/template/base.py", line 1005, in <listcomp>
    return SafeString("".join([node.render_annotated(context) for node in self]))
  File "/home/lab420pro/tsn/venv/lib/python3.9/site-packages/django/template/base.py", line 966, in render_annotated
    return self.render(context)
  File "/home/lab420pro/tsn/venv/lib/python3.9/site-packages/django/template/defaulttags.py", line 471, in render
    url = reverse(view_name, args=args, kwargs=kwargs, current_app=current_app)
  File "/home/lab420pro/tsn/venv/lib/python3.9/site-packages/django/urls/base.py", line 88, in reverse
    return resolver._reverse_with_prefix(view, prefix, *args, **kwargs)
  File "/home/lab420pro/tsn/venv/lib/python3.9/site-packages/django/urls/resolvers.py", line 828, in _reverse_with_prefix
    raise NoReverseMatch(msg)
django.urls.exceptions.NoReverseMatch: Reverse for 'edit' not found. 'edit' is not a valid view function or pattern name.
"GET /feedback/feedback/2516/upload/ HTTP/1.1" 500 162174
You're accessing the development server over HTTPS, but it only supports HTTP.
You're accessing the development server over HTTPS, but it only supports HTTP.
Internal Server Error: /feedback/feedback/2516/upload/
Traceback (most recent call last):
  File "/home/lab420pro/tsn/venv/lib/python3.9/site-packages/django/core/handlers/exception.py", line 55, in inner
    response = get_response(request)
  File "/home/lab420pro/tsn/venv/lib/python3.9/site-packages/django/core/handlers/base.py", line 197, in _get_response
    response = wrapped_callback(request, *callback_args, **callback_kwargs)
  File "/home/lab420pro/tsn/feedback_project/feedback_app/views.py", line 483, in upload_page
    return render(request, "feedback/upload_page.html", {"feedback": feedback})
  File "/home/lab420pro/tsn/venv/lib/python3.9/site-packages/django/shortcuts.py", line 24, in render
    content = loader.render_to_string(template_name, context, request, using=using)
  File "/home/lab420pro/tsn/venv/lib/python3.9/site-packages/django/template/loader.py", line 62, in render_to_string
    return template.render(context, request)
  File "/home/lab420pro/tsn/venv/lib/python3.9/site-packages/django/template/backends/django.py", line 61, in render
    return self.template.render(context)
  File "/home/lab420pro/tsn/venv/lib/python3.9/site-packages/django/template/base.py", line 175, in render
    return self._render(context)
  File "/home/lab420pro/tsn/venv/lib/python3.9/site-packages/django/template/base.py", line 167, in _render
    return self.nodelist.render(context)
  File "/home/lab420pro/tsn/venv/lib/python3.9/site-packages/django/template/base.py", line 1005, in render
    return SafeString("".join([node.render_annotated(context) for node in self]))
  File "/home/lab420pro/tsn/venv/lib/python3.9/site-packages/django/template/base.py", line 1005, in <listcomp>
    return SafeString("".join([node.render_annotated(context) for node in self]))
  File "/home/lab420pro/tsn/venv/lib/python3.9/site-packages/django/template/base.py", line 966, in render_annotated
    return self.render(context)
  File "/home/lab420pro/tsn/venv/lib/python3.9/site-packages/django/template/loader_tags.py", line 157, in render
    return compiled_parent._render(context)
  File "/home/lab420pro/tsn/venv/lib/python3.9/site-packages/django/template/base.py", line 167, in _render
    return self.nodelist.render(context)
  File "/home/lab420pro/tsn/venv/lib/python3.9/site-packages/django/template/base.py", line 1005, in render
    return SafeString("".join([node.render_annotated(context) for node in self]))
  File "/home/lab420pro/tsn/venv/lib/python3.9/site-packages/django/template/base.py", line 1005, in <listcomp>
    return SafeString("".join([node.render_annotated(context) for node in self]))
  File "/home/lab420pro/tsn/venv/lib/python3.9/site-packages/django/template/base.py", line 966, in render_annotated
    return self.render(context)
  File "/home/lab420pro/tsn/venv/lib/python3.9/site-packages/django/template/loader_tags.py", line 63, in render
    result = block.nodelist.render(context)
  File "/home/lab420pro/tsn/venv/lib/python3.9/site-packages/django/template/base.py", line 1005, in render
    return SafeString("".join([node.render_annotated(context) for node in self]))
  File "/home/lab420pro/tsn/venv/lib/python3.9/site-packages/django/template/base.py", line 1005, in <listcomp>
    return SafeString("".join([node.render_annotated(context) for node in self]))
  File "/home/lab420pro/tsn/venv/lib/python3.9/site-packages/django/template/base.py", line 966, in render_annotated
    return self.render(context)
  File "/home/lab420pro/tsn/venv/lib/python3.9/site-packages/django/template/defaulttags.py", line 471, in render
    url = reverse(view_name, args=args, kwargs=kwargs, current_app=current_app)
  File "/home/lab420pro/tsn/venv/lib/python3.9/site-packages/django/urls/base.py", line 88, in reverse
    return resolver._reverse_with_prefix(view, prefix, *args, **kwargs)
  File "/home/lab420pro/tsn/venv/lib/python3.9/site-packages/django/urls/resolvers.py", line 828, in _reverse_with_prefix
    raise NoReverseMatch(msg)
django.urls.exceptions.NoReverseMatch: Reverse for 'edit' not found. 'edit' is not a valid view function or pattern name.
"GET /feedback/feedback/2516/upload/ HTTP/1.1" 500 162037
Internal Server Error: /feedback/feedback/2516/upload/
Traceback (most recent call last):
  File "/home/lab420pro/tsn/venv/lib/python3.9/site-packages/django/core/handlers/exception.py", line 55, in inner
    response = get_response(request)
  File "/home/lab420pro/tsn/venv/lib/python3.9/site-packages/django/core/handlers/base.py", line 197, in _get_response
    response = wrapped_callback(request, *callback_args, **callback_kwargs)
  File "/home/lab420pro/tsn/feedback_project/feedback_app/views.py", line 483, in upload_page
    return render(request, "feedback/upload_page.html", {"feedback": feedback})
  File "/home/lab420pro/tsn/venv/lib/python3.9/site-packages/django/shortcuts.py", line 24, in render
    content = loader.render_to_string(template_name, context, request, using=using)
  File "/home/lab420pro/tsn/venv/lib/python3.9/site-packages/django/template/loader.py", line 62, in render_to_string
    return template.render(context, request)
  File "/home/lab420pro/tsn/venv/lib/python3.9/site-packages/django/template/backends/django.py", line 61, in render
    return self.template.render(context)
  File "/home/lab420pro/tsn/venv/lib/python3.9/site-packages/django/template/base.py", line 175, in render
    return self._render(context)
  File "/home/lab420pro/tsn/venv/lib/python3.9/site-packages/django/template/base.py", line 167, in _render
    return self.nodelist.render(context)
  File "/home/lab420pro/tsn/venv/lib/python3.9/site-packages/django/template/base.py", line 1005, in render
    return SafeString("".join([node.render_annotated(context) for node in self]))
  File "/home/lab420pro/tsn/venv/lib/python3.9/site-packages/django/template/base.py", line 1005, in <listcomp>
    return SafeString("".join([node.render_annotated(context) for node in self]))
  File "/home/lab420pro/tsn/venv/lib/python3.9/site-packages/django/template/base.py", line 966, in render_annotated
    return self.render(context)
  File "/home/lab420pro/tsn/venv/lib/python3.9/site-packages/django/template/loader_tags.py", line 157, in render
    return compiled_parent._render(context)
  File "/home/lab420pro/tsn/venv/lib/python3.9/site-packages/django/template/base.py", line 167, in _render
    return self.nodelist.render(context)
  File "/home/lab420pro/tsn/venv/lib/python3.9/site-packages/django/template/base.py", line 1005, in render
    return SafeString("".join([node.render_annotated(context) for node in self]))
  File "/home/lab420pro/tsn/venv/lib/python3.9/site-packages/django/template/base.py", line 1005, in <listcomp>
    return SafeString("".join([node.render_annotated(context) for node in self]))
  File "/home/lab420pro/tsn/venv/lib/python3.9/site-packages/django/template/base.py", line 966, in render_annotated
    return self.render(context)
  File "/home/lab420pro/tsn/venv/lib/python3.9/site-packages/django/template/loader_tags.py", line 63, in render
    result = block.nodelist.render(context)
  File "/home/lab420pro/tsn/venv/lib/python3.9/site-packages/django/template/base.py", line 1005, in render
    return SafeString("".join([node.render_annotated(context) for node in self]))
  File "/home/lab420pro/tsn/venv/lib/python3.9/site-packages/django/template/base.py", line 1005, in <listcomp>
    return SafeString("".join([node.render_annotated(context) for node in self]))
  File "/home/lab420pro/tsn/venv/lib/python3.9/site-packages/django/template/base.py", line 966, in render_annotated
    return self.render(context)
  File "/home/lab420pro/tsn/venv/lib/python3.9/site-packages/django/template/defaulttags.py", line 471, in render
    url = reverse(view_name, args=args, kwargs=kwargs, current_app=current_app)
  File "/home/lab420pro/tsn/venv/lib/python3.9/site-packages/django/urls/base.py", line 88, in reverse
    return resolver._reverse_with_prefix(view, prefix, *args, **kwargs)
  File "/home/lab420pro/tsn/venv/lib/python3.9/site-packages/django/urls/resolvers.py", line 828, in _reverse_with_prefix
    raise NoReverseMatch(msg)
django.urls.exceptions.NoReverseMatch: Reverse for 'edit' not found. 'edit' is not a valid view function or pattern name.
"GET /feedback/feedback/2516/upload/ HTTP/1.1" 500 162204
You're accessing the development server over HTTPS, but it only supports HTTP.
You're accessing the development server over HTTPS, but it only supports HTTP.
Internal Server Error: /feedback/add_document/
Traceback (most recent call last):
  File "/home/lab420pro/tsn/venv/lib/python3.9/site-packages/django/core/handlers/exception.py", line 55, in inner
    response = get_response(request)
  File "/home/lab420pro/tsn/venv/lib/python3.9/site-packages/django/core/handlers/base.py", line 204, in _get_response
    self.check_response(response, callback)
  File "/home/lab420pro/tsn/venv/lib/python3.9/site-packages/django/core/handlers/base.py", line 337, in check_response
    raise ValueError(
ValueError: The view feedback_app.views.add_document didn't return an HttpResponse object. It returned an unawaited coroutine instead. You may need to add an 'await' into your view.
"POST /feedback/add_document/ HTTP/1.1" 500 68050
Internal Server Error: /feedback/add_document/
Traceback (most recent call last):
  File "/home/lab420pro/tsn/venv/lib/python3.9/site-packages/django/core/handlers/exception.py", line 55, in inner
    response = get_response(request)
  File "/home/lab420pro/tsn/venv/lib/python3.9/site-packages/django/core/handlers/base.py", line 204, in _get_response
    self.check_response(response, callback)
  File "/home/lab420pro/tsn/venv/lib/python3.9/site-packages/django/core/handlers/base.py", line 337, in check_response
    raise ValueError(
ValueError: The view feedback_app.views.add_document didn't return an HttpResponse object. It returned an unawaited coroutine instead. You may need to add an 'await' into your view.
"POST /feedback/add_document/ HTTP/1.1" 500 68070
You're accessing the development server over HTTPS, but it only supports HTTP.
You're accessing the development server over HTTPS, but it only supports HTTP.
You're accessing the development server over HTTPS, but it only supports HTTP.
You're accessing the development server over HTTPS, but it only supports HTTP.
Internal Server Error: /feedback/feedback/2516/upload/
Traceback (most recent call last):
  File "/home/lab420pro/tsn/venv/lib/python3.9/site-packages/django/core/handlers/exception.py", line 55, in inner
    response = get_response(request)
  File "/home/lab420pro/tsn/venv/lib/python3.9/site-packages/django/core/handlers/base.py", line 197, in _get_response
    response = wrapped_callback(request, *callback_args, **callback_kwargs)
  File "/home/lab420pro/tsn/feedback_project/feedback_app/views.py", line 376, in upload_page
    return render(request, "feedback/upload_page.html", {"feedback": feedback})
  File "/home/lab420pro/tsn/venv/lib/python3.9/site-packages/django/shortcuts.py", line 24, in render
    content = loader.render_to_string(template_name, context, request, using=using)
  File "/home/lab420pro/tsn/venv/lib/python3.9/site-packages/django/template/loader.py", line 62, in render_to_string
    return template.render(context, request)
  File "/home/lab420pro/tsn/venv/lib/python3.9/site-packages/django/template/backends/django.py", line 61, in render
    return self.template.render(context)
  File "/home/lab420pro/tsn/venv/lib/python3.9/site-packages/django/template/base.py", line 175, in render
    return self._render(context)
  File "/home/lab420pro/tsn/venv/lib/python3.9/site-packages/django/template/base.py", line 167, in _render
    return self.nodelist.render(context)
  File "/home/lab420pro/tsn/venv/lib/python3.9/site-packages/django/template/base.py", line 1005, in render
    return SafeString("".join([node.render_annotated(context) for node in self]))
  File "/home/lab420pro/tsn/venv/lib/python3.9/site-packages/django/template/base.py", line 1005, in <listcomp>
    return SafeString("".join([node.render_annotated(context) for node in self]))
  File "/home/lab420pro/tsn/venv/lib/python3.9/site-packages/django/template/base.py", line 966, in render_annotated
    return self.render(context)
  File "/home/lab420pro/tsn/venv/lib/python3.9/site-packages/django/template/defaulttags.py", line 321, in render
    return nodelist.render(context)
  File "/home/lab420pro/tsn/venv/lib/python3.9/site-packages/django/template/base.py", line 1005, in render
    return SafeString("".join([node.render_annotated(context) for node in self]))
  File "/home/lab420pro/tsn/venv/lib/python3.9/site-packages/django/template/base.py", line 1005, in <listcomp>
    return SafeString("".join([node.render_annotated(context) for node in self]))
  File "/home/lab420pro/tsn/venv/lib/python3.9/site-packages/django/template/base.py", line 966, in render_annotated
    return self.render(context)
  File "/home/lab420pro/tsn/venv/lib/python3.9/site-packages/django/template/defaulttags.py", line 471, in render
    url = reverse(view_name, args=args, kwargs=kwargs, current_app=current_app)
  File "/home/lab420pro/tsn/venv/lib/python3.9/site-packages/django/urls/base.py", line 88, in reverse
    return resolver._reverse_with_prefix(view, prefix, *args, **kwargs)
  File "/home/lab420pro/tsn/venv/lib/python3.9/site-packages/django/urls/resolvers.py", line 828, in _reverse_with_prefix
    raise NoReverseMatch(msg)
django.urls.exceptions.NoReverseMatch: Reverse for 'upload_history' not found. 'upload_history' is not a valid view function or pattern name.
"GET /feedback/feedback/2516/upload/ HTTP/1.1" 500 141558
Internal Server Error: /feedback/feedback/2516/upload/
Traceback (most recent call last):
  File "/home/lab420pro/tsn/venv/lib/python3.9/site-packages/django/core/handlers/exception.py", line 55, in inner
    response = get_response(request)
  File "/home/lab420pro/tsn/venv/lib/python3.9/site-packages/django/core/handlers/base.py", line 197, in _get_response
    response = wrapped_callback(request, *callback_args, **callback_kwargs)
  File "/home/lab420pro/tsn/feedback_project/feedback_app/views.py", line 376, in upload_page
    return render(request, "feedback/upload_page.html", {"feedback": feedback})
  File "/home/lab420pro/tsn/venv/lib/python3.9/site-packages/django/shortcuts.py", line 24, in render
    content = loader.render_to_string(template_name, context, request, using=using)
  File "/home/lab420pro/tsn/venv/lib/python3.9/site-packages/django/template/loader.py", line 62, in render_to_string
    return template.render(context, request)
  File "/home/lab420pro/tsn/venv/lib/python3.9/site-packages/django/template/backends/django.py", line 61, in render
    return self.template.render(context)
  File "/home/lab420pro/tsn/venv/lib/python3.9/site-packages/django/template/base.py", line 175, in render
    return self._render(context)
  File "/home/lab420pro/tsn/venv/lib/python3.9/site-packages/django/template/base.py", line 167, in _render
    return self.nodelist.render(context)
  File "/home/lab420pro/tsn/venv/lib/python3.9/site-packages/django/template/base.py", line 1005, in render
    return SafeString("".join([node.render_annotated(context) for node in self]))
  File "/home/lab420pro/tsn/venv/lib/python3.9/site-packages/django/template/base.py", line 1005, in <listcomp>
    return SafeString("".join([node.render_annotated(context) for node in self]))
  File "/home/lab420pro/tsn/venv/lib/python3.9/site-packages/django/template/base.py", line 966, in render_annotated
    return self.render(context)
  File "/home/lab420pro/tsn/venv/lib/python3.9/site-packages/django/template/defaulttags.py", line 321, in render
    return nodelist.render(context)
  File "/home/lab420pro/tsn/venv/lib/python3.9/site-packages/django/template/base.py", line 1005, in render
    return SafeString("".join([node.render_annotated(context) for node in self]))
  File "/home/lab420pro/tsn/venv/lib/python3.9/site-packages/django/template/base.py", line 1005, in <listcomp>
    return SafeString("".join([node.render_annotated(context) for node in self]))
  File "/home/lab420pro/tsn/venv/lib/python3.9/site-packages/django/template/base.py", line 966, in render_annotated
    return self.render(context)
  File "/home/lab420pro/tsn/venv/lib/python3.9/site-packages/django/template/defaulttags.py", line 471, in render
    url = reverse(view_name, args=args, kwargs=kwargs, current_app=current_app)
  File "/home/lab420pro/tsn/venv/lib/python3.9/site-packages/django/urls/base.py", line 88, in reverse
    return resolver._reverse_with_prefix(view, prefix, *args, **kwargs)
  File "/home/lab420pro/tsn/venv/lib/python3.9/site-packages/django/urls/resolvers.py", line 828, in _reverse_with_prefix
    raise NoReverseMatch(msg)
django.urls.exceptions.NoReverseMatch: Reverse for 'upload_history' with no arguments not found. 1 pattern(s) tried: ['feedback/feedback/(?P<feedback_id>[0-9]+)/upload_history/\\Z']
"GET /feedback/feedback/2516/upload/ HTTP/1.1" 500 143711
Internal Server Error: /feedback/feedback/2516/upload/
Traceback (most recent call last):
  File "/home/lab420pro/tsn/venv/lib/python3.9/site-packages/django/core/handlers/exception.py", line 55, in inner
    response = get_response(request)
  File "/home/lab420pro/tsn/venv/lib/python3.9/site-packages/django/core/handlers/base.py", line 197, in _get_response
    response = wrapped_callback(request, *callback_args, **callback_kwargs)
  File "/home/lab420pro/tsn/feedback_project/feedback_app/views.py", line 376, in upload_page
    return render(request, "feedback/upload_page.html", {"feedback": feedback})
  File "/home/lab420pro/tsn/venv/lib/python3.9/site-packages/django/shortcuts.py", line 24, in render
    content = loader.render_to_string(template_name, context, request, using=using)
  File "/home/lab420pro/tsn/venv/lib/python3.9/site-packages/django/template/loader.py", line 62, in render_to_string
    return template.render(context, request)
  File "/home/lab420pro/tsn/venv/lib/python3.9/site-packages/django/template/backends/django.py", line 61, in render
    return self.template.render(context)
  File "/home/lab420pro/tsn/venv/lib/python3.9/site-packages/django/template/base.py", line 175, in render
    return self._render(context)
  File "/home/lab420pro/tsn/venv/lib/python3.9/site-packages/django/template/base.py", line 167, in _render
    return self.nodelist.render(context)
  File "/home/lab420pro/tsn/venv/lib/python3.9/site-packages/django/template/base.py", line 1005, in render
    return SafeString("".join([node.render_annotated(context) for node in self]))
  File "/home/lab420pro/tsn/venv/lib/python3.9/site-packages/django/template/base.py", line 1005, in <listcomp>
    return SafeString("".join([node.render_annotated(context) for node in self]))
  File "/home/lab420pro/tsn/venv/lib/python3.9/site-packages/django/template/base.py", line 966, in render_annotated
    return self.render(context)
  File "/home/lab420pro/tsn/venv/lib/python3.9/site-packages/django/template/defaulttags.py", line 321, in render
    return nodelist.render(context)
  File "/home/lab420pro/tsn/venv/lib/python3.9/site-packages/django/template/base.py", line 1005, in render
    return SafeString("".join([node.render_annotated(context) for node in self]))
  File "/home/lab420pro/tsn/venv/lib/python3.9/site-packages/django/template/base.py", line 1005, in <listcomp>
    return SafeString("".join([node.render_annotated(context) for node in self]))
  File "/home/lab420pro/tsn/venv/lib/python3.9/site-packages/django/template/base.py", line 966, in render_annotated
    return self.render(context)
  File "/home/lab420pro/tsn/venv/lib/python3.9/site-packages/django/template/defaulttags.py", line 471, in render
    url = reverse(view_name, args=args, kwargs=kwargs, current_app=current_app)
  File "/home/lab420pro/tsn/venv/lib/python3.9/site-packages/django/urls/base.py", line 88, in reverse
    return resolver._reverse_with_prefix(view, prefix, *args, **kwargs)
  File "/home/lab420pro/tsn/venv/lib/python3.9/site-packages/django/urls/resolvers.py", line 828, in _reverse_with_prefix
    raise NoReverseMatch(msg)
django.urls.exceptions.NoReverseMatch: Reverse for 'upload_history' with no arguments not found. 1 pattern(s) tried: ['feedback/feedback/(?P<feedback_id>[0-9]+)/upload_history/\\Z']
"GET /feedback/feedback/2516/upload/ HTTP/1.1" 500 143711
Internal Server Error: /feedback/feedback/2516/upload/
Traceback (most recent call last):
  File "/home/lab420pro/tsn/venv/lib/python3.9/site-packages/django/core/handlers/exception.py", line 55, in inner
    response = get_response(request)
  File "/home/lab420pro/tsn/venv/lib/python3.9/site-packages/django/core/handlers/base.py", line 197, in _get_response
    response = wrapped_callback(request, *callback_args, **callback_kwargs)
  File "/home/lab420pro/tsn/feedback_project/feedback_app/views.py", line 376, in upload_page
    return render(request, "feedback/upload_page.html", {"feedback": feedback})
  File "/home/lab420pro/tsn/venv/lib/python3.9/site-packages/django/shortcuts.py", line 24, in render
    content = loader.render_to_string(template_name, context, request, using=using)
  File "/home/lab420pro/tsn/venv/lib/python3.9/site-packages/django/template/loader.py", line 62, in render_to_string
    return template.render(context, request)
  File "/home/lab420pro/tsn/venv/lib/python3.9/site-packages/django/template/backends/django.py", line 61, in render
    return self.template.render(context)
  File "/home/lab420pro/tsn/venv/lib/python3.9/site-packages/django/template/base.py", line 175, in render
    return self._render(context)
  File "/home/lab420pro/tsn/venv/lib/python3.9/site-packages/django/template/base.py", line 167, in _render
    return self.nodelist.render(context)
  File "/home/lab420pro/tsn/venv/lib/python3.9/site-packages/django/template/base.py", line 1005, in render
    return SafeString("".join([node.render_annotated(context) for node in self]))
  File "/home/lab420pro/tsn/venv/lib/python3.9/site-packages/django/template/base.py", line 1005, in <listcomp>
    return SafeString("".join([node.render_annotated(context) for node in self]))
  File "/home/lab420pro/tsn/venv/lib/python3.9/site-packages/django/template/base.py", line 966, in render_annotated
    return self.render(context)
  File "/home/lab420pro/tsn/venv/lib/python3.9/site-packages/django/template/defaulttags.py", line 471, in render
    url = reverse(view_name, args=args, kwargs=kwargs, current_app=current_app)
  File "/home/lab420pro/tsn/venv/lib/python3.9/site-packages/django/urls/base.py", line 88, in reverse
    return resolver._reverse_with_prefix(view, prefix, *args, **kwargs)
  File "/home/lab420pro/tsn/venv/lib/python3.9/site-packages/django/urls/resolvers.py", line 828, in _reverse_with_prefix
    raise NoReverseMatch(msg)
django.urls.exceptions.NoReverseMatch: Reverse for 'upload_history' with no arguments not found. 1 pattern(s) tried: ['feedback/feedback/(?P<feedback_id>[0-9]+)/upload_history/\\Z']
"GET /feedback/feedback/2516/upload/ HTTP/1.1" 500 124676
Internal Server Error: /feedback/feedback/2516/upload/
Traceback (most recent call last):
  File "/home/lab420pro/tsn/venv/lib/python3.9/site-packages/django/core/handlers/exception.py", line 55, in inner
    response = get_response(request)
  File "/home/lab420pro/tsn/venv/lib/python3.9/site-packages/django/core/handlers/base.py", line 197, in _get_response
    response = wrapped_callback(request, *callback_args, **callback_kwargs)
  File "/home/lab420pro/tsn/feedback_project/feedback_app/views.py", line 376, in upload_page
    return render(request, "feedback/upload_page.html", {"feedback": feedback})
  File "/home/lab420pro/tsn/venv/lib/python3.9/site-packages/django/shortcuts.py", line 24, in render
    content = loader.render_to_string(template_name, context, request, using=using)
  File "/home/lab420pro/tsn/venv/lib/python3.9/site-packages/django/template/loader.py", line 61, in render_to_string
    template = get_template(template_name, using=using)
  File "/home/lab420pro/tsn/venv/lib/python3.9/site-packages/django/template/loader.py", line 15, in get_template
    return engine.get_template(template_name)
  File "/home/lab420pro/tsn/venv/lib/python3.9/site-packages/django/template/backends/django.py", line 33, in get_template
    return Template(self.engine.get_template(template_name), self)
  File "/home/lab420pro/tsn/venv/lib/python3.9/site-packages/django/template/engine.py", line 175, in get_template
    template, origin = self.find_template(template_name)
  File "/home/lab420pro/tsn/venv/lib/python3.9/site-packages/django/template/engine.py", line 157, in find_template
    template = loader.get_template(name, skip=skip)
  File "/home/lab420pro/tsn/venv/lib/python3.9/site-packages/django/template/loaders/cached.py", line 57, in get_template
    template = super().get_template(template_name, skip)
  File "/home/lab420pro/tsn/venv/lib/python3.9/site-packages/django/template/loaders/base.py", line 28, in get_template
    return Template(
  File "/home/lab420pro/tsn/venv/lib/python3.9/site-packages/django/template/base.py", line 154, in __init__
    self.nodelist = self.compile_nodelist()
  File "/home/lab420pro/tsn/venv/lib/python3.9/site-packages/django/template/base.py", line 200, in compile_nodelist
    return parser.parse()
  File "/home/lab420pro/tsn/venv/lib/python3.9/site-packages/django/template/base.py", line 513, in parse
    raise self.error(token, e)
  File "/home/lab420pro/tsn/venv/lib/python3.9/site-packages/django/template/base.py", line 511, in parse
    compiled_result = compile_func(self, token)
  File "/home/lab420pro/tsn/venv/lib/python3.9/site-packages/django/template/defaulttags.py", line 1372, in url
    viewname = parser.compile_filter(bits[1])
  File "/home/lab420pro/tsn/venv/lib/python3.9/site-packages/django/template/base.py", line 600, in compile_filter
    return FilterExpression(token, self)
  File "/home/lab420pro/tsn/venv/lib/python3.9/site-packages/django/template/base.py", line 703, in __init__
    raise TemplateSyntaxError(
django.template.exceptions.TemplateSyntaxError: Could not parse the remainder: 'feedback.id' from ''feedback:upload_history'feedback.id'
"GET /feedback/feedback/2516/upload/ HTTP/1.1" 500 162605
Internal Server Error: /feedback/feedback/2516/upload_history/
Traceback (most recent call last):
  File "/home/lab420pro/tsn/venv/lib/python3.9/site-packages/django/core/handlers/exception.py", line 55, in inner
    response = get_response(request)
  File "/home/lab420pro/tsn/venv/lib/python3.9/site-packages/django/core/handlers/base.py", line 197, in _get_response
    response = wrapped_callback(request, *callback_args, **callback_kwargs)
  File "/home/lab420pro/tsn/venv/lib/python3.9/site-packages/django/contrib/auth/decorators.py", line 23, in _wrapper_view
    return view_func(request, *args, **kwargs)
TypeError: upload_history() got an unexpected keyword argument 'feedback_id'
"GET /feedback/feedback/2516/upload_history/ HTTP/1.1" 500 68130
Internal Server Error: /feedback/feedback/2516/upload/
Traceback (most recent call last):
  File "/home/lab420pro/tsn/venv/lib/python3.9/site-packages/django/core/handlers/exception.py", line 55, in inner
    response = get_response(request)
  File "/home/lab420pro/tsn/venv/lib/python3.9/site-packages/django/core/handlers/base.py", line 197, in _get_response
    response = wrapped_callback(request, *callback_args, **callback_kwargs)
  File "/home/lab420pro/tsn/feedback_project/feedback_app/views.py", line 375, in upload_page
    record = get_object_or_404(Record, feedback__id=feedback_id)
  File "/home/lab420pro/tsn/venv/lib/python3.9/site-packages/django/shortcuts.py", line 85, in get_object_or_404
    return queryset.get(*args, **kwargs)
  File "/home/lab420pro/tsn/venv/lib/python3.9/site-packages/django/db/models/query.py", line 623, in get
    clone = self._chain() if self.query.combinator else self.filter(*args, **kwargs)
  File "/home/lab420pro/tsn/venv/lib/python3.9/site-packages/django/db/models/query.py", line 1436, in filter
    return self._filter_or_exclude(False, args, kwargs)
  File "/home/lab420pro/tsn/venv/lib/python3.9/site-packages/django/db/models/query.py", line 1454, in _filter_or_exclude
    clone._filter_or_exclude_inplace(negate, args, kwargs)
  File "/home/lab420pro/tsn/venv/lib/python3.9/site-packages/django/db/models/query.py", line 1461, in _filter_or_exclude_inplace
    self._query.add_q(Q(*args, **kwargs))
  File "/home/lab420pro/tsn/venv/lib/python3.9/site-packages/django/db/models/sql/query.py", line 1546, in add_q
    clause, _ = self._add_q(q_object, self.used_aliases)
  File "/home/lab420pro/tsn/venv/lib/python3.9/site-packages/django/db/models/sql/query.py", line 1577, in _add_q
    child_clause, needed_inner = self.build_filter(
  File "/home/lab420pro/tsn/venv/lib/python3.9/site-packages/django/db/models/sql/query.py", line 1427, in build_filter
    lookups, parts, reffed_expression = self.solve_lookup_type(arg, summarize)
  File "/home/lab420pro/tsn/venv/lib/python3.9/site-packages/django/db/models/sql/query.py", line 1237, in solve_lookup_type
    _, field, _, lookup_parts = self.names_to_path(lookup_splitted, self.get_meta())
  File "/home/lab420pro/tsn/venv/lib/python3.9/site-packages/django/db/models/sql/query.py", line 1725, in names_to_path
    raise FieldError(
django.core.exceptions.FieldError: Cannot resolve keyword 'feedback' into field. Choices are: answer, create_time, feedbacks, id, question, record_uuid, username
"GET /feedback/feedback/2516/upload/ HTTP/1.1" 500 120498
Internal Server Error: /feedback/feedback/2516/upload_history/
Traceback (most recent call last):
  File "/home/lab420pro/tsn/venv/lib/python3.9/site-packages/django/core/handlers/exception.py", line 55, in inner
    response = get_response(request)
  File "/home/lab420pro/tsn/venv/lib/python3.9/site-packages/django/core/handlers/base.py", line 197, in _get_response
    response = wrapped_callback(request, *callback_args, **callback_kwargs)
  File "/home/lab420pro/tsn/venv/lib/python3.9/site-packages/django/contrib/auth/decorators.py", line 23, in _wrapper_view
    return view_func(request, *args, **kwargs)
TypeError: upload_history() got an unexpected keyword argument 'feedback_id'
"GET /feedback/feedback/2516/upload_history/ HTTP/1.1" 500 68130
Internal Server Error: /feedback/feedback/2516/upload/
Traceback (most recent call last):
  File "/home/lab420pro/tsn/venv/lib/python3.9/site-packages/django/core/handlers/exception.py", line 55, in inner
    response = get_response(request)
  File "/home/lab420pro/tsn/venv/lib/python3.9/site-packages/django/core/handlers/base.py", line 197, in _get_response
    response = wrapped_callback(request, *callback_args, **callback_kwargs)
  File "/home/lab420pro/tsn/feedback_project/feedback_app/views.py", line 379, in upload_page
    recent_uploads = DocumentTask.objects.filter(
  File "/home/lab420pro/tsn/venv/lib/python3.9/site-packages/django/db/models/manager.py", line 87, in manager_method
    return getattr(self.get_queryset(), name)(*args, **kwargs)
  File "/home/lab420pro/tsn/venv/lib/python3.9/site-packages/django/db/models/query.py", line 1436, in filter
    return self._filter_or_exclude(False, args, kwargs)
  File "/home/lab420pro/tsn/venv/lib/python3.9/site-packages/django/db/models/query.py", line 1454, in _filter_or_exclude
    clone._filter_or_exclude_inplace(negate, args, kwargs)
  File "/home/lab420pro/tsn/venv/lib/python3.9/site-packages/django/db/models/query.py", line 1461, in _filter_or_exclude_inplace
    self._query.add_q(Q(*args, **kwargs))
  File "/home/lab420pro/tsn/venv/lib/python3.9/site-packages/django/db/models/sql/query.py", line 1546, in add_q
    clause, _ = self._add_q(q_object, self.used_aliases)
  File "/home/lab420pro/tsn/venv/lib/python3.9/site-packages/django/db/models/sql/query.py", line 1577, in _add_q
    child_clause, needed_inner = self.build_filter(
  File "/home/lab420pro/tsn/venv/lib/python3.9/site-packages/django/db/models/sql/query.py", line 1427, in build_filter
    lookups, parts, reffed_expression = self.solve_lookup_type(arg, summarize)
  File "/home/lab420pro/tsn/venv/lib/python3.9/site-packages/django/db/models/sql/query.py", line 1237, in solve_lookup_type
    _, field, _, lookup_parts = self.names_to_path(lookup_splitted, self.get_meta())
  File "/home/lab420pro/tsn/venv/lib/python3.9/site-packages/django/db/models/sql/query.py", line 1725, in names_to_path
    raise FieldError(
django.core.exceptions.FieldError: Cannot resolve keyword 'user' into field. Choices are: content, created_at, document_id, id, keywords, message, status, task_type, updated_at, uploaded_by, uploaded_by_id
"GET /feedback/feedback/2516/upload/ HTTP/1.1" 500 111898
Internal Server Error: /feedback/feedback/2516/upload/
Traceback (most recent call last):
  File "/home/lab420pro/tsn/venv/lib/python3.9/site-packages/django/core/handlers/exception.py", line 55, in inner
    response = get_response(request)
  File "/home/lab420pro/tsn/venv/lib/python3.9/site-packages/django/core/handlers/base.py", line 197, in _get_response
    response = wrapped_callback(request, *callback_args, **callback_kwargs)
  File "/home/lab420pro/tsn/feedback_project/feedback_app/views.py", line 379, in upload_page
    recent_uploads = DocumentTask.objects.filter(
  File "/home/lab420pro/tsn/venv/lib/python3.9/site-packages/django/db/models/manager.py", line 87, in manager_method
    return getattr(self.get_queryset(), name)(*args, **kwargs)
  File "/home/lab420pro/tsn/venv/lib/python3.9/site-packages/django/db/models/query.py", line 1436, in filter
    return self._filter_or_exclude(False, args, kwargs)
  File "/home/lab420pro/tsn/venv/lib/python3.9/site-packages/django/db/models/query.py", line 1454, in _filter_or_exclude
    clone._filter_or_exclude_inplace(negate, args, kwargs)
  File "/home/lab420pro/tsn/venv/lib/python3.9/site-packages/django/db/models/query.py", line 1461, in _filter_or_exclude_inplace
    self._query.add_q(Q(*args, **kwargs))
  File "/home/lab420pro/tsn/venv/lib/python3.9/site-packages/django/db/models/sql/query.py", line 1546, in add_q
    clause, _ = self._add_q(q_object, self.used_aliases)
  File "/home/lab420pro/tsn/venv/lib/python3.9/site-packages/django/db/models/sql/query.py", line 1577, in _add_q
    child_clause, needed_inner = self.build_filter(
  File "/home/lab420pro/tsn/venv/lib/python3.9/site-packages/django/db/models/sql/query.py", line 1427, in build_filter
    lookups, parts, reffed_expression = self.solve_lookup_type(arg, summarize)
  File "/home/lab420pro/tsn/venv/lib/python3.9/site-packages/django/db/models/sql/query.py", line 1237, in solve_lookup_type
    _, field, _, lookup_parts = self.names_to_path(lookup_splitted, self.get_meta())
  File "/home/lab420pro/tsn/venv/lib/python3.9/site-packages/django/db/models/sql/query.py", line 1725, in names_to_path
    raise FieldError(
django.core.exceptions.FieldError: Cannot resolve keyword 'user' into field. Choices are: content, created_at, document_id, id, keywords, message, status, task_type, updated_at, uploaded_by, uploaded_by_id
"GET /feedback/feedback/2516/upload/ HTTP/1.1" 500 111761
Internal Server Error: /feedback/feedback/2516/upload/
Traceback (most recent call last):
  File "/home/lab420pro/tsn/venv/lib/python3.9/site-packages/django/core/handlers/exception.py", line 55, in inner
    response = get_response(request)
  File "/home/lab420pro/tsn/venv/lib/python3.9/site-packages/django/core/handlers/base.py", line 197, in _get_response
    response = wrapped_callback(request, *callback_args, **callback_kwargs)
  File "/home/lab420pro/tsn/venv/lib/python3.9/site-packages/django/contrib/auth/decorators.py", line 23, in _wrapper_view
    return view_func(request, *args, **kwargs)
  File "/home/lab420pro/tsn/feedback_project/feedback_app/views.py", line 384, in upload_page
    return render(
  File "/home/lab420pro/tsn/venv/lib/python3.9/site-packages/django/shortcuts.py", line 24, in render
    content = loader.render_to_string(template_name, context, request, using=using)
  File "/home/lab420pro/tsn/venv/lib/python3.9/site-packages/django/template/loader.py", line 62, in render_to_string
    return template.render(context, request)
  File "/home/lab420pro/tsn/venv/lib/python3.9/site-packages/django/template/backends/django.py", line 61, in render
    return self.template.render(context)
  File "/home/lab420pro/tsn/venv/lib/python3.9/site-packages/django/template/base.py", line 175, in render
    return self._render(context)
  File "/home/lab420pro/tsn/venv/lib/python3.9/site-packages/django/template/base.py", line 167, in _render
    return self.nodelist.render(context)
  File "/home/lab420pro/tsn/venv/lib/python3.9/site-packages/django/template/base.py", line 1005, in render
    return SafeString("".join([node.render_annotated(context) for node in self]))
  File "/home/lab420pro/tsn/venv/lib/python3.9/site-packages/django/template/base.py", line 1005, in <listcomp>
    return SafeString("".join([node.render_annotated(context) for node in self]))
  File "/home/lab420pro/tsn/venv/lib/python3.9/site-packages/django/template/base.py", line 966, in render_annotated
    return self.render(context)
  File "/home/lab420pro/tsn/venv/lib/python3.9/site-packages/django/template/loader_tags.py", line 132, in render
    compiled_parent = self.get_parent(context)
  File "/home/lab420pro/tsn/venv/lib/python3.9/site-packages/django/template/loader_tags.py", line 129, in get_parent
    return self.find_template(parent, context)
  File "/home/lab420pro/tsn/venv/lib/python3.9/site-packages/django/template/loader_tags.py", line 107, in find_template
    template, origin = context.template.engine.find_template(
  File "/home/lab420pro/tsn/venv/lib/python3.9/site-packages/django/template/engine.py", line 157, in find_template
    template = loader.get_template(name, skip=skip)
  File "/home/lab420pro/tsn/venv/lib/python3.9/site-packages/django/template/loaders/cached.py", line 57, in get_template
    template = super().get_template(template_name, skip)
  File "/home/lab420pro/tsn/venv/lib/python3.9/site-packages/django/template/loaders/base.py", line 28, in get_template
    return Template(
  File "/home/lab420pro/tsn/venv/lib/python3.9/site-packages/django/template/base.py", line 154, in __init__
    self.nodelist = self.compile_nodelist()
  File "/home/lab420pro/tsn/venv/lib/python3.9/site-packages/django/template/base.py", line 200, in compile_nodelist
    return parser.parse()
  File "/home/lab420pro/tsn/venv/lib/python3.9/site-packages/django/template/base.py", line 513, in parse
    raise self.error(token, e)
  File "/home/lab420pro/tsn/venv/lib/python3.9/site-packages/django/template/base.py", line 511, in parse
    compiled_result = compile_func(self, token)
  File "/home/lab420pro/tsn/venv/lib/python3.9/site-packages/django/template/loader_tags.py", line 226, in do_block
    raise TemplateSyntaxError(
django.template.exceptions.TemplateSyntaxError: 'block' tag with name 'title' appears more than once
"GET /feedback/feedback/2516/upload/ HTTP/1.1" 500 189454
Internal Server Error: /feedback/feedback/2516/upload/
Traceback (most recent call last):
  File "/home/lab420pro/tsn/venv/lib/python3.9/site-packages/django/core/handlers/exception.py", line 55, in inner
    response = get_response(request)
  File "/home/lab420pro/tsn/venv/lib/python3.9/site-packages/django/core/handlers/base.py", line 197, in _get_response
    response = wrapped_callback(request, *callback_args, **callback_kwargs)
  File "/home/lab420pro/tsn/venv/lib/python3.9/site-packages/django/contrib/auth/decorators.py", line 23, in _wrapper_view
    return view_func(request, *args, **kwargs)
  File "/home/lab420pro/tsn/feedback_project/feedback_app/views.py", line 384, in upload_page
    return render(
  File "/home/lab420pro/tsn/venv/lib/python3.9/site-packages/django/shortcuts.py", line 24, in render
    content = loader.render_to_string(template_name, context, request, using=using)
  File "/home/lab420pro/tsn/venv/lib/python3.9/site-packages/django/template/loader.py", line 62, in render_to_string
    return template.render(context, request)
  File "/home/lab420pro/tsn/venv/lib/python3.9/site-packages/django/template/backends/django.py", line 61, in render
    return self.template.render(context)
  File "/home/lab420pro/tsn/venv/lib/python3.9/site-packages/django/template/base.py", line 175, in render
    return self._render(context)
  File "/home/lab420pro/tsn/venv/lib/python3.9/site-packages/django/template/base.py", line 167, in _render
    return self.nodelist.render(context)
  File "/home/lab420pro/tsn/venv/lib/python3.9/site-packages/django/template/base.py", line 1005, in render
    return SafeString("".join([node.render_annotated(context) for node in self]))
  File "/home/lab420pro/tsn/venv/lib/python3.9/site-packages/django/template/base.py", line 1005, in <listcomp>
    return SafeString("".join([node.render_annotated(context) for node in self]))
  File "/home/lab420pro/tsn/venv/lib/python3.9/site-packages/django/template/base.py", line 966, in render_annotated
    return self.render(context)
  File "/home/lab420pro/tsn/venv/lib/python3.9/site-packages/django/template/loader_tags.py", line 157, in render
    return compiled_parent._render(context)
  File "/home/lab420pro/tsn/venv/lib/python3.9/site-packages/django/template/base.py", line 167, in _render
    return self.nodelist.render(context)
  File "/home/lab420pro/tsn/venv/lib/python3.9/site-packages/django/template/base.py", line 1005, in render
    return SafeString("".join([node.render_annotated(context) for node in self]))
  File "/home/lab420pro/tsn/venv/lib/python3.9/site-packages/django/template/base.py", line 1005, in <listcomp>
    return SafeString("".join([node.render_annotated(context) for node in self]))
  File "/home/lab420pro/tsn/venv/lib/python3.9/site-packages/django/template/base.py", line 966, in render_annotated
    return self.render(context)
  File "/home/lab420pro/tsn/venv/lib/python3.9/site-packages/django/template/defaulttags.py", line 321, in render
    return nodelist.render(context)
  File "/home/lab420pro/tsn/venv/lib/python3.9/site-packages/django/template/base.py", line 1005, in render
    return SafeString("".join([node.render_annotated(context) for node in self]))
  File "/home/lab420pro/tsn/venv/lib/python3.9/site-packages/django/template/base.py", line 1005, in <listcomp>
    return SafeString("".join([node.render_annotated(context) for node in self]))
  File "/home/lab420pro/tsn/venv/lib/python3.9/site-packages/django/template/base.py", line 966, in render_annotated
    return self.render(context)
  File "/home/lab420pro/tsn/venv/lib/python3.9/site-packages/django/template/defaulttags.py", line 471, in render
    url = reverse(view_name, args=args, kwargs=kwargs, current_app=current_app)
  File "/home/lab420pro/tsn/venv/lib/python3.9/site-packages/django/urls/base.py", line 88, in reverse
    return resolver._reverse_with_prefix(view, prefix, *args, **kwargs)
  File "/home/lab420pro/tsn/venv/lib/python3.9/site-packages/django/urls/resolvers.py", line 828, in _reverse_with_prefix
    raise NoReverseMatch(msg)
django.urls.exceptions.NoReverseMatch: Reverse for 'upload_history' with no arguments not found. 1 pattern(s) tried: ['feedback/feedback/(?P<feedback_id>[0-9]+)/upload_history/\\Z']
"GET /feedback/feedback/2516/upload/ HTTP/1.1" 500 171716
Internal Server Error: /feedback/feedback/2516/upload/
Traceback (most recent call last):
  File "/home/lab420pro/tsn/venv/lib/python3.9/site-packages/django/core/handlers/exception.py", line 55, in inner
    response = get_response(request)
  File "/home/lab420pro/tsn/venv/lib/python3.9/site-packages/django/core/handlers/base.py", line 197, in _get_response
    response = wrapped_callback(request, *callback_args, **callback_kwargs)
  File "/home/lab420pro/tsn/venv/lib/python3.9/site-packages/django/contrib/auth/decorators.py", line 23, in _wrapper_view
    return view_func(request, *args, **kwargs)
  File "/home/lab420pro/tsn/feedback_project/feedback_app/views.py", line 384, in upload_page
    return render(
  File "/home/lab420pro/tsn/venv/lib/python3.9/site-packages/django/shortcuts.py", line 24, in render
    content = loader.render_to_string(template_name, context, request, using=using)
  File "/home/lab420pro/tsn/venv/lib/python3.9/site-packages/django/template/loader.py", line 62, in render_to_string
    return template.render(context, request)
  File "/home/lab420pro/tsn/venv/lib/python3.9/site-packages/django/template/backends/django.py", line 61, in render
    return self.template.render(context)
  File "/home/lab420pro/tsn/venv/lib/python3.9/site-packages/django/template/base.py", line 175, in render
    return self._render(context)
  File "/home/lab420pro/tsn/venv/lib/python3.9/site-packages/django/template/base.py", line 167, in _render
    return self.nodelist.render(context)
  File "/home/lab420pro/tsn/venv/lib/python3.9/site-packages/django/template/base.py", line 1005, in render
    return SafeString("".join([node.render_annotated(context) for node in self]))
  File "/home/lab420pro/tsn/venv/lib/python3.9/site-packages/django/template/base.py", line 1005, in <listcomp>
    return SafeString("".join([node.render_annotated(context) for node in self]))
  File "/home/lab420pro/tsn/venv/lib/python3.9/site-packages/django/template/base.py", line 966, in render_annotated
    return self.render(context)
  File "/home/lab420pro/tsn/venv/lib/python3.9/site-packages/django/template/loader_tags.py", line 157, in render
    return compiled_parent._render(context)
  File "/home/lab420pro/tsn/venv/lib/python3.9/site-packages/django/template/base.py", line 167, in _render
    return self.nodelist.render(context)
  File "/home/lab420pro/tsn/venv/lib/python3.9/site-packages/django/template/base.py", line 1005, in render
    return SafeString("".join([node.render_annotated(context) for node in self]))
  File "/home/lab420pro/tsn/venv/lib/python3.9/site-packages/django/template/base.py", line 1005, in <listcomp>
    return SafeString("".join([node.render_annotated(context) for node in self]))
  File "/home/lab420pro/tsn/venv/lib/python3.9/site-packages/django/template/base.py", line 966, in render_annotated
    return self.render(context)
  File "/home/lab420pro/tsn/venv/lib/python3.9/site-packages/django/template/defaulttags.py", line 321, in render
    return nodelist.render(context)
  File "/home/lab420pro/tsn/venv/lib/python3.9/site-packages/django/template/base.py", line 1005, in render
    return SafeString("".join([node.render_annotated(context) for node in self]))
  File "/home/lab420pro/tsn/venv/lib/python3.9/site-packages/django/template/base.py", line 1005, in <listcomp>
    return SafeString("".join([node.render_annotated(context) for node in self]))
  File "/home/lab420pro/tsn/venv/lib/python3.9/site-packages/django/template/base.py", line 966, in render_annotated
    return self.render(context)
  File "/home/lab420pro/tsn/venv/lib/python3.9/site-packages/django/template/defaulttags.py", line 471, in render
    url = reverse(view_name, args=args, kwargs=kwargs, current_app=current_app)
  File "/home/lab420pro/tsn/venv/lib/python3.9/site-packages/django/urls/base.py", line 88, in reverse
    return resolver._reverse_with_prefix(view, prefix, *args, **kwargs)
  File "/home/lab420pro/tsn/venv/lib/python3.9/site-packages/django/urls/resolvers.py", line 828, in _reverse_with_prefix
    raise NoReverseMatch(msg)
django.urls.exceptions.NoReverseMatch: Reverse for 'upload_history' with arguments '('',)' not found. 1 pattern(s) tried: ['feedback/feedback/(?P<feedback_id>[0-9]+)/upload_history/\\Z']
"GET /feedback/feedback/2516/upload/ HTTP/1.1" 500 173200
Internal Server Error: /feedback/feedback/2516/upload/
Traceback (most recent call last):
  File "/home/lab420pro/tsn/venv/lib/python3.9/site-packages/django/core/handlers/exception.py", line 55, in inner
    response = get_response(request)
  File "/home/lab420pro/tsn/venv/lib/python3.9/site-packages/django/core/handlers/base.py", line 197, in _get_response
    response = wrapped_callback(request, *callback_args, **callback_kwargs)
  File "/home/lab420pro/tsn/venv/lib/python3.9/site-packages/django/contrib/auth/decorators.py", line 23, in _wrapper_view
    return view_func(request, *args, **kwargs)
  File "/home/lab420pro/tsn/feedback_project/feedback_app/views.py", line 384, in upload_page
    return render(
  File "/home/lab420pro/tsn/venv/lib/python3.9/site-packages/django/shortcuts.py", line 24, in render
    content = loader.render_to_string(template_name, context, request, using=using)
  File "/home/lab420pro/tsn/venv/lib/python3.9/site-packages/django/template/loader.py", line 62, in render_to_string
    return template.render(context, request)
  File "/home/lab420pro/tsn/venv/lib/python3.9/site-packages/django/template/backends/django.py", line 61, in render
    return self.template.render(context)
  File "/home/lab420pro/tsn/venv/lib/python3.9/site-packages/django/template/base.py", line 175, in render
    return self._render(context)
  File "/home/lab420pro/tsn/venv/lib/python3.9/site-packages/django/template/base.py", line 167, in _render
    return self.nodelist.render(context)
  File "/home/lab420pro/tsn/venv/lib/python3.9/site-packages/django/template/base.py", line 1005, in render
    return SafeString("".join([node.render_annotated(context) for node in self]))
  File "/home/lab420pro/tsn/venv/lib/python3.9/site-packages/django/template/base.py", line 1005, in <listcomp>
    return SafeString("".join([node.render_annotated(context) for node in self]))
  File "/home/lab420pro/tsn/venv/lib/python3.9/site-packages/django/template/base.py", line 966, in render_annotated
    return self.render(context)
  File "/home/lab420pro/tsn/venv/lib/python3.9/site-packages/django/template/loader_tags.py", line 132, in render
    compiled_parent = self.get_parent(context)
  File "/home/lab420pro/tsn/venv/lib/python3.9/site-packages/django/template/loader_tags.py", line 129, in get_parent
    return self.find_template(parent, context)
  File "/home/lab420pro/tsn/venv/lib/python3.9/site-packages/django/template/loader_tags.py", line 107, in find_template
    template, origin = context.template.engine.find_template(
  File "/home/lab420pro/tsn/venv/lib/python3.9/site-packages/django/template/engine.py", line 157, in find_template
    template = loader.get_template(name, skip=skip)
  File "/home/lab420pro/tsn/venv/lib/python3.9/site-packages/django/template/loaders/cached.py", line 57, in get_template
    template = super().get_template(template_name, skip)
  File "/home/lab420pro/tsn/venv/lib/python3.9/site-packages/django/template/loaders/base.py", line 28, in get_template
    return Template(
  File "/home/lab420pro/tsn/venv/lib/python3.9/site-packages/django/template/base.py", line 154, in __init__
    self.nodelist = self.compile_nodelist()
  File "/home/lab420pro/tsn/venv/lib/python3.9/site-packages/django/template/base.py", line 200, in compile_nodelist
    return parser.parse()
  File "/home/lab420pro/tsn/venv/lib/python3.9/site-packages/django/template/base.py", line 513, in parse
    raise self.error(token, e)
  File "/home/lab420pro/tsn/venv/lib/python3.9/site-packages/django/template/base.py", line 511, in parse
    compiled_result = compile_func(self, token)
  File "/home/lab420pro/tsn/venv/lib/python3.9/site-packages/django/template/defaulttags.py", line 953, in do_if
    nodelist = parser.parse(("elif", "else", "endif"))
  File "/home/lab420pro/tsn/venv/lib/python3.9/site-packages/django/template/base.py", line 513, in parse
    raise self.error(token, e)
  File "/home/lab420pro/tsn/venv/lib/python3.9/site-packages/django/template/base.py", line 511, in parse
    compiled_result = compile_func(self, token)
  File "/home/lab420pro/tsn/venv/lib/python3.9/site-packages/django/template/defaulttags.py", line 1372, in url
    viewname = parser.compile_filter(bits[1])
  File "/home/lab420pro/tsn/venv/lib/python3.9/site-packages/django/template/base.py", line 600, in compile_filter
    return FilterExpression(token, self)
  File "/home/lab420pro/tsn/venv/lib/python3.9/site-packages/django/template/base.py", line 703, in __init__
    raise TemplateSyntaxError(
django.template.exceptions.TemplateSyntaxError: Could not parse the remainder: 'feedback_id' from ''feedback:upload_history'feedback_id'
"GET /feedback/feedback/2516/upload/ HTTP/1.1" 500 216542
Internal Server Error: /feedback/add_document/
"POST /feedback/add_document/ HTTP/1.1" 500 86
Internal Server Error: /feedback/delete_document/
"POST /feedback/delete_document/ HTTP/1.1" 500 125
Internal Server Error: /feedback/upload_page/2516/
Traceback (most recent call last):
  File "/home/lab420pro/tsn/venv/lib/python3.9/site-packages/django/template/base.py", line 505, in parse
    compile_func = self.tags[command]
KeyError: 'endif'

During handling of the above exception, another exception occurred:

Traceback (most recent call last):
  File "/home/lab420pro/tsn/venv/lib/python3.9/site-packages/django/core/handlers/exception.py", line 55, in inner
    response = get_response(request)
  File "/home/lab420pro/tsn/venv/lib/python3.9/site-packages/django/core/handlers/base.py", line 197, in _get_response
    response = wrapped_callback(request, *callback_args, **callback_kwargs)
  File "/home/lab420pro/tsn/venv/lib/python3.9/site-packages/django/contrib/auth/decorators.py", line 23, in _wrapper_view
    return view_func(request, *args, **kwargs)
  File "/home/lab420pro/tsn/feedback_project/feedback_app/views.py", line 384, in upload_page
    return render(
  File "/home/lab420pro/tsn/venv/lib/python3.9/site-packages/django/shortcuts.py", line 24, in render
    content = loader.render_to_string(template_name, context, request, using=using)
  File "/home/lab420pro/tsn/venv/lib/python3.9/site-packages/django/template/loader.py", line 61, in render_to_string
    template = get_template(template_name, using=using)
  File "/home/lab420pro/tsn/venv/lib/python3.9/site-packages/django/template/loader.py", line 15, in get_template
    return engine.get_template(template_name)
  File "/home/lab420pro/tsn/venv/lib/python3.9/site-packages/django/template/backends/django.py", line 33, in get_template
    return Template(self.engine.get_template(template_name), self)
  File "/home/lab420pro/tsn/venv/lib/python3.9/site-packages/django/template/engine.py", line 175, in get_template
    template, origin = self.find_template(template_name)
  File "/home/lab420pro/tsn/venv/lib/python3.9/site-packages/django/template/engine.py", line 157, in find_template
    template = loader.get_template(name, skip=skip)
  File "/home/lab420pro/tsn/venv/lib/python3.9/site-packages/django/template/loaders/cached.py", line 57, in get_template
    template = super().get_template(template_name, skip)
  File "/home/lab420pro/tsn/venv/lib/python3.9/site-packages/django/template/loaders/base.py", line 28, in get_template
    return Template(
  File "/home/lab420pro/tsn/venv/lib/python3.9/site-packages/django/template/base.py", line 154, in __init__
    self.nodelist = self.compile_nodelist()
  File "/home/lab420pro/tsn/venv/lib/python3.9/site-packages/django/template/base.py", line 200, in compile_nodelist
    return parser.parse()
  File "/home/lab420pro/tsn/venv/lib/python3.9/site-packages/django/template/base.py", line 513, in parse
    raise self.error(token, e)
  File "/home/lab420pro/tsn/venv/lib/python3.9/site-packages/django/template/base.py", line 511, in parse
    compiled_result = compile_func(self, token)
  File "/home/lab420pro/tsn/venv/lib/python3.9/site-packages/django/template/loader_tags.py", line 293, in do_extends
    nodelist = parser.parse()
  File "/home/lab420pro/tsn/venv/lib/python3.9/site-packages/django/template/base.py", line 513, in parse
    raise self.error(token, e)
  File "/home/lab420pro/tsn/venv/lib/python3.9/site-packages/django/template/base.py", line 511, in parse
    compiled_result = compile_func(self, token)
  File "/home/lab420pro/tsn/venv/lib/python3.9/site-packages/django/template/loader_tags.py", line 232, in do_block
    nodelist = parser.parse(("endblock",))
  File "/home/lab420pro/tsn/venv/lib/python3.9/site-packages/django/template/base.py", line 507, in parse
    self.invalid_block_tag(token, command, parse_until)
  File "/home/lab420pro/tsn/venv/lib/python3.9/site-packages/django/template/base.py", line 558, in invalid_block_tag
    raise self.error(
django.template.exceptions.TemplateSyntaxError: Invalid block tag on line 53: 'endif', expected 'endblock'. Did you forget to register or load this tag?
"GET /feedback/upload_page/2516/ HTTP/1.1" 500 192315
Internal Server Error: /feedback/upload_page/2516/
Traceback (most recent call last):
  File "/home/lab420pro/tsn/venv/lib/python3.9/site-packages/django/template/base.py", line 505, in parse
    compile_func = self.tags[command]
KeyError: 'endif'

During handling of the above exception, another exception occurred:

Traceback (most recent call last):
  File "/home/lab420pro/tsn/venv/lib/python3.9/site-packages/django/core/handlers/exception.py", line 55, in inner
    response = get_response(request)
  File "/home/lab420pro/tsn/venv/lib/python3.9/site-packages/django/core/handlers/base.py", line 197, in _get_response
    response = wrapped_callback(request, *callback_args, **callback_kwargs)
  File "/home/lab420pro/tsn/venv/lib/python3.9/site-packages/django/contrib/auth/decorators.py", line 23, in _wrapper_view
    return view_func(request, *args, **kwargs)
  File "/home/lab420pro/tsn/feedback_project/feedback_app/views.py", line 384, in upload_page
    return render(
  File "/home/lab420pro/tsn/venv/lib/python3.9/site-packages/django/shortcuts.py", line 24, in render
    content = loader.render_to_string(template_name, context, request, using=using)
  File "/home/lab420pro/tsn/venv/lib/python3.9/site-packages/django/template/loader.py", line 61, in render_to_string
    template = get_template(template_name, using=using)
  File "/home/lab420pro/tsn/venv/lib/python3.9/site-packages/django/template/loader.py", line 15, in get_template
    return engine.get_template(template_name)
  File "/home/lab420pro/tsn/venv/lib/python3.9/site-packages/django/template/backends/django.py", line 33, in get_template
    return Template(self.engine.get_template(template_name), self)
  File "/home/lab420pro/tsn/venv/lib/python3.9/site-packages/django/template/engine.py", line 175, in get_template
    template, origin = self.find_template(template_name)
  File "/home/lab420pro/tsn/venv/lib/python3.9/site-packages/django/template/engine.py", line 157, in find_template
    template = loader.get_template(name, skip=skip)
  File "/home/lab420pro/tsn/venv/lib/python3.9/site-packages/django/template/loaders/cached.py", line 57, in get_template
    template = super().get_template(template_name, skip)
  File "/home/lab420pro/tsn/venv/lib/python3.9/site-packages/django/template/loaders/base.py", line 28, in get_template
    return Template(
  File "/home/lab420pro/tsn/venv/lib/python3.9/site-packages/django/template/base.py", line 154, in __init__
    self.nodelist = self.compile_nodelist()
  File "/home/lab420pro/tsn/venv/lib/python3.9/site-packages/django/template/base.py", line 200, in compile_nodelist
    return parser.parse()
  File "/home/lab420pro/tsn/venv/lib/python3.9/site-packages/django/template/base.py", line 513, in parse
    raise self.error(token, e)
  File "/home/lab420pro/tsn/venv/lib/python3.9/site-packages/django/template/base.py", line 511, in parse
    compiled_result = compile_func(self, token)
  File "/home/lab420pro/tsn/venv/lib/python3.9/site-packages/django/template/loader_tags.py", line 293, in do_extends
    nodelist = parser.parse()
  File "/home/lab420pro/tsn/venv/lib/python3.9/site-packages/django/template/base.py", line 513, in parse
    raise self.error(token, e)
  File "/home/lab420pro/tsn/venv/lib/python3.9/site-packages/django/template/base.py", line 511, in parse
    compiled_result = compile_func(self, token)
  File "/home/lab420pro/tsn/venv/lib/python3.9/site-packages/django/template/loader_tags.py", line 232, in do_block
    nodelist = parser.parse(("endblock",))
  File "/home/lab420pro/tsn/venv/lib/python3.9/site-packages/django/template/base.py", line 507, in parse
    self.invalid_block_tag(token, command, parse_until)
  File "/home/lab420pro/tsn/venv/lib/python3.9/site-packages/django/template/base.py", line 558, in invalid_block_tag
    raise self.error(
django.template.exceptions.TemplateSyntaxError: Invalid block tag on line 52: 'endif', expected 'endblock'. Did you forget to register or load this tag?
"GET /feedback/upload_page/2516/ HTTP/1.1" 500 192519
Internal Server Error: /feedback/records/
Traceback (most recent call last):
  File "/home/lab420pro/tsn/venv/lib/python3.9/site-packages/django/contrib/sessions/backends/base.py", line 187, in _get_session
    return self._session_cache
AttributeError: 'SessionStore' object has no attribute '_session_cache'

During handling of the above exception, another exception occurred:

Traceback (most recent call last):
  File "/home/lab420pro/tsn/venv/lib/python3.9/site-packages/django/core/handlers/exception.py", line 55, in inner
    response = get_response(request)
  File "/home/lab420pro/tsn/venv/lib/python3.9/site-packages/django/core/handlers/base.py", line 197, in _get_response
    response = wrapped_callback(request, *callback_args, **callback_kwargs)
  File "/home/lab420pro/tsn/venv/lib/python3.9/site-packages/django/contrib/auth/decorators.py", line 22, in _wrapper_view
    if test_func(request.user):
  File "/home/lab420pro/tsn/venv/lib/python3.9/site-packages/django/contrib/auth/decorators.py", line 51, in <lambda>
    lambda u: u.is_authenticated,
  File "/home/lab420pro/tsn/venv/lib/python3.9/site-packages/django/utils/functional.py", line 266, in inner
    self._setup()
  File "/home/lab420pro/tsn/venv/lib/python3.9/site-packages/django/utils/functional.py", line 419, in _setup
    self._wrapped = self._setupfunc()
  File "/home/lab420pro/tsn/venv/lib/python3.9/site-packages/django/contrib/auth/middleware.py", line 25, in <lambda>
    request.user = SimpleLazyObject(lambda: get_user(request))
  File "/home/lab420pro/tsn/venv/lib/python3.9/site-packages/django/contrib/auth/middleware.py", line 11, in get_user
    request._cached_user = auth.get_user(request)
  File "/home/lab420pro/tsn/venv/lib/python3.9/site-packages/django/contrib/auth/__init__.py", line 191, in get_user
    user_id = _get_user_session_key(request)
  File "/home/lab420pro/tsn/venv/lib/python3.9/site-packages/django/contrib/auth/__init__.py", line 60, in _get_user_session_key
    return get_user_model()._meta.pk.to_python(request.session[SESSION_KEY])
  File "/home/lab420pro/tsn/venv/lib/python3.9/site-packages/django/contrib/sessions/backends/base.py", line 53, in __getitem__
    return self._session[key]
  File "/home/lab420pro/tsn/venv/lib/python3.9/site-packages/django/contrib/sessions/backends/base.py", line 192, in _get_session
    self._session_cache = self.load()
  File "/home/lab420pro/tsn/venv/lib/python3.9/site-packages/django/contrib/sessions/backends/db.py", line 42, in load
    s = self._get_session_from_db()
  File "/home/lab420pro/tsn/venv/lib/python3.9/site-packages/django/contrib/sessions/backends/db.py", line 32, in _get_session_from_db
    return self.model.objects.get(
  File "/home/lab420pro/tsn/venv/lib/python3.9/site-packages/django/db/models/manager.py", line 87, in manager_method
    return getattr(self.get_queryset(), name)(*args, **kwargs)
  File "/home/lab420pro/tsn/venv/lib/python3.9/site-packages/django/db/models/query.py", line 633, in get
    num = len(clone)
  File "/home/lab420pro/tsn/venv/lib/python3.9/site-packages/django/db/models/query.py", line 380, in __len__
    self._fetch_all()
  File "/home/lab420pro/tsn/venv/lib/python3.9/site-packages/django/db/models/query.py", line 1881, in _fetch_all
    self._result_cache = list(self._iterable_class(self))
  File "/home/lab420pro/tsn/venv/lib/python3.9/site-packages/django/db/models/query.py", line 91, in __iter__
    results = compiler.execute_sql(
  File "/home/lab420pro/tsn/venv/lib/python3.9/site-packages/django/db/models/sql/compiler.py", line 1560, in execute_sql
    cursor = self.connection.cursor()
  File "/home/lab420pro/tsn/venv/lib/python3.9/site-packages/django/utils/asyncio.py", line 24, in inner
    raise SynchronousOnlyOperation(message)
django.core.exceptions.SynchronousOnlyOperation: You cannot call this from an async context - use a thread or sync_to_async.
Internal Server Error: /feedback/feedback/edit/2516/
Traceback (most recent call last):
  File "/home/lab420pro/tsn/venv/lib/python3.9/site-packages/django/contrib/sessions/backends/base.py", line 187, in _get_session
    return self._session_cache
AttributeError: 'SessionStore' object has no attribute '_session_cache'

During handling of the above exception, another exception occurred:

Traceback (most recent call last):
  File "/home/lab420pro/tsn/venv/lib/python3.9/site-packages/django/core/handlers/exception.py", line 55, in inner
    response = get_response(request)
  File "/home/lab420pro/tsn/venv/lib/python3.9/site-packages/django/core/handlers/base.py", line 197, in _get_response
    response = wrapped_callback(request, *callback_args, **callback_kwargs)
  File "/home/lab420pro/tsn/venv/lib/python3.9/site-packages/django/contrib/auth/decorators.py", line 22, in _wrapper_view
    if test_func(request.user):
  File "/home/lab420pro/tsn/venv/lib/python3.9/site-packages/django/contrib/auth/decorators.py", line 51, in <lambda>
    lambda u: u.is_authenticated,
  File "/home/lab420pro/tsn/venv/lib/python3.9/site-packages/django/utils/functional.py", line 266, in inner
    self._setup()
  File "/home/lab420pro/tsn/venv/lib/python3.9/site-packages/django/utils/functional.py", line 419, in _setup
    self._wrapped = self._setupfunc()
  File "/home/lab420pro/tsn/venv/lib/python3.9/site-packages/django/contrib/auth/middleware.py", line 25, in <lambda>
    request.user = SimpleLazyObject(lambda: get_user(request))
  File "/home/lab420pro/tsn/venv/lib/python3.9/site-packages/django/contrib/auth/middleware.py", line 11, in get_user
    request._cached_user = auth.get_user(request)
  File "/home/lab420pro/tsn/venv/lib/python3.9/site-packages/django/contrib/auth/__init__.py", line 191, in get_user
    user_id = _get_user_session_key(request)
  File "/home/lab420pro/tsn/venv/lib/python3.9/site-packages/django/contrib/auth/__init__.py", line 60, in _get_user_session_key
    return get_user_model()._meta.pk.to_python(request.session[SESSION_KEY])
  File "/home/lab420pro/tsn/venv/lib/python3.9/site-packages/django/contrib/sessions/backends/base.py", line 53, in __getitem__
    return self._session[key]
  File "/home/lab420pro/tsn/venv/lib/python3.9/site-packages/django/contrib/sessions/backends/base.py", line 192, in _get_session
    self._session_cache = self.load()
  File "/home/lab420pro/tsn/venv/lib/python3.9/site-packages/django/contrib/sessions/backends/db.py", line 42, in load
    s = self._get_session_from_db()
  File "/home/lab420pro/tsn/venv/lib/python3.9/site-packages/django/contrib/sessions/backends/db.py", line 32, in _get_session_from_db
    return self.model.objects.get(
  File "/home/lab420pro/tsn/venv/lib/python3.9/site-packages/django/db/models/manager.py", line 87, in manager_method
    return getattr(self.get_queryset(), name)(*args, **kwargs)
  File "/home/lab420pro/tsn/venv/lib/python3.9/site-packages/django/db/models/query.py", line 633, in get
    num = len(clone)
  File "/home/lab420pro/tsn/venv/lib/python3.9/site-packages/django/db/models/query.py", line 380, in __len__
    self._fetch_all()
  File "/home/lab420pro/tsn/venv/lib/python3.9/site-packages/django/db/models/query.py", line 1881, in _fetch_all
    self._result_cache = list(self._iterable_class(self))
  File "/home/lab420pro/tsn/venv/lib/python3.9/site-packages/django/db/models/query.py", line 91, in __iter__
    results = compiler.execute_sql(
  File "/home/lab420pro/tsn/venv/lib/python3.9/site-packages/django/db/models/sql/compiler.py", line 1560, in execute_sql
    cursor = self.connection.cursor()
  File "/home/lab420pro/tsn/venv/lib/python3.9/site-packages/django/utils/asyncio.py", line 24, in inner
    raise SynchronousOnlyOperation(message)
django.core.exceptions.SynchronousOnlyOperation: You cannot call this from an async context - use a thread or sync_to_async.
Internal Server Error: /accounts/login/
Traceback (most recent call last):
  File "/home/lab420pro/tsn/venv/lib/python3.9/site-packages/django/contrib/sessions/backends/base.py", line 187, in _get_session
    return self._session_cache
AttributeError: 'SessionStore' object has no attribute '_session_cache'

During handling of the above exception, another exception occurred:

Traceback (most recent call last):
  File "/home/lab420pro/tsn/venv/lib/python3.9/site-packages/django/core/handlers/exception.py", line 55, in inner
    response = get_response(request)
  File "/home/lab420pro/tsn/venv/lib/python3.9/site-packages/django/core/handlers/base.py", line 197, in _get_response
    response = wrapped_callback(request, *callback_args, **callback_kwargs)
  File "/home/lab420pro/tsn/venv/lib/python3.9/site-packages/django/views/decorators/csrf.py", line 56, in wrapper_view
    return view_func(*args, **kwargs)
  File "/home/lab420pro/tsn/feedback_project/accounts/views.py", line 12, in user_login
    if request.user.is_authenticated:
  File "/home/lab420pro/tsn/venv/lib/python3.9/site-packages/django/utils/functional.py", line 266, in inner
    self._setup()
  File "/home/lab420pro/tsn/venv/lib/python3.9/site-packages/django/utils/functional.py", line 419, in _setup
    self._wrapped = self._setupfunc()
  File "/home/lab420pro/tsn/venv/lib/python3.9/site-packages/django/contrib/auth/middleware.py", line 25, in <lambda>
    request.user = SimpleLazyObject(lambda: get_user(request))
  File "/home/lab420pro/tsn/venv/lib/python3.9/site-packages/django/contrib/auth/middleware.py", line 11, in get_user
    request._cached_user = auth.get_user(request)
  File "/home/lab420pro/tsn/venv/lib/python3.9/site-packages/django/contrib/auth/__init__.py", line 191, in get_user
    user_id = _get_user_session_key(request)
  File "/home/lab420pro/tsn/venv/lib/python3.9/site-packages/django/contrib/auth/__init__.py", line 60, in _get_user_session_key
    return get_user_model()._meta.pk.to_python(request.session[SESSION_KEY])
  File "/home/lab420pro/tsn/venv/lib/python3.9/site-packages/django/contrib/sessions/backends/base.py", line 53, in __getitem__
    return self._session[key]
  File "/home/lab420pro/tsn/venv/lib/python3.9/site-packages/django/contrib/sessions/backends/base.py", line 192, in _get_session
    self._session_cache = self.load()
  File "/home/lab420pro/tsn/venv/lib/python3.9/site-packages/django/contrib/sessions/backends/db.py", line 42, in load
    s = self._get_session_from_db()
  File "/home/lab420pro/tsn/venv/lib/python3.9/site-packages/django/contrib/sessions/backends/db.py", line 32, in _get_session_from_db
    return self.model.objects.get(
  File "/home/lab420pro/tsn/venv/lib/python3.9/site-packages/django/db/models/manager.py", line 87, in manager_method
    return getattr(self.get_queryset(), name)(*args, **kwargs)
  File "/home/lab420pro/tsn/venv/lib/python3.9/site-packages/django/db/models/query.py", line 633, in get
    num = len(clone)
  File "/home/lab420pro/tsn/venv/lib/python3.9/site-packages/django/db/models/query.py", line 380, in __len__
    self._fetch_all()
  File "/home/lab420pro/tsn/venv/lib/python3.9/site-packages/django/db/models/query.py", line 1881, in _fetch_all
    self._result_cache = list(self._iterable_class(self))
  File "/home/lab420pro/tsn/venv/lib/python3.9/site-packages/django/db/models/query.py", line 91, in __iter__
    results = compiler.execute_sql(
  File "/home/lab420pro/tsn/venv/lib/python3.9/site-packages/django/db/models/sql/compiler.py", line 1560, in execute_sql
    cursor = self.connection.cursor()
  File "/home/lab420pro/tsn/venv/lib/python3.9/site-packages/django/utils/asyncio.py", line 24, in inner
    raise SynchronousOnlyOperation(message)
django.core.exceptions.SynchronousOnlyOperation: You cannot call this from an async context - use a thread or sync_to_async.
Internal Server Error: /feedback/upload_history/
Traceback (most recent call last):
  File "/home/lab420pro/tsn/venv/lib/python3.9/site-packages/django/core/handlers/exception.py", line 55, in inner
    response = get_response(request)
  File "/home/lab420pro/tsn/venv/lib/python3.9/site-packages/django/core/handlers/base.py", line 197, in _get_response
    response = wrapped_callback(request, *callback_args, **callback_kwargs)
  File "/home/lab420pro/tsn/venv/lib/python3.9/site-packages/django/contrib/auth/decorators.py", line 23, in _wrapper_view
    return view_func(request, *args, **kwargs)
  File "/home/lab420pro/tsn/feedback_project/feedback_app/views.py", line 639, in upload_history
    upload.keywords_list = upload.keywords.split(",")
AttributeError: 'NoneType' object has no attribute 'split'
"GET /feedback/upload_history/ HTTP/1.1" 500 74036
Internal Server Error: /feedback/upload_history/
Traceback (most recent call last):
  File "/home/lab420pro/tsn/venv/lib/python3.9/site-packages/django/core/handlers/exception.py", line 55, in inner
    response = get_response(request)
  File "/home/lab420pro/tsn/venv/lib/python3.9/site-packages/django/core/handlers/base.py", line 197, in _get_response
    response = wrapped_callback(request, *callback_args, **callback_kwargs)
  File "/home/lab420pro/tsn/venv/lib/python3.9/site-packages/django/contrib/auth/decorators.py", line 23, in _wrapper_view
    return view_func(request, *args, **kwargs)
  File "/home/lab420pro/tsn/feedback_project/feedback_app/views.py", line 639, in upload_history
    upload.keywords_list = upload.keywords.split(",")
AttributeError: 'NoneType' object has no attribute 'split'
"GET /feedback/upload_history/ HTTP/1.1" 500 74173
Internal Server Error: /feedback/upload_history/
Traceback (most recent call last):
  File "/home/lab420pro/tsn/venv/lib/python3.9/site-packages/django/core/handlers/exception.py", line 55, in inner
    response = get_response(request)
  File "/home/lab420pro/tsn/venv/lib/python3.9/site-packages/django/core/handlers/base.py", line 197, in _get_response
    response = wrapped_callback(request, *callback_args, **callback_kwargs)
  File "/home/lab420pro/tsn/venv/lib/python3.9/site-packages/django/contrib/auth/decorators.py", line 23, in _wrapper_view
    return view_func(request, *args, **kwargs)
  File "/home/lab420pro/tsn/feedback_project/feedback_app/views.py", line 639, in upload_history
    upload.keywords_list = upload.keywords.split(",")
AttributeError: 'NoneType' object has no attribute 'split'
"GET /feedback/upload_history/ HTTP/1.1" 500 74027
Internal Server Error: /feedback/upload_history/
Traceback (most recent call last):
  File "/home/lab420pro/tsn/venv/lib/python3.9/site-packages/django/core/handlers/exception.py", line 55, in inner
    response = get_response(request)
  File "/home/lab420pro/tsn/venv/lib/python3.9/site-packages/django/core/handlers/base.py", line 197, in _get_response
    response = wrapped_callback(request, *callback_args, **callback_kwargs)
  File "/home/lab420pro/tsn/venv/lib/python3.9/site-packages/django/contrib/auth/decorators.py", line 23, in _wrapper_view
    return view_func(request, *args, **kwargs)
  File "/home/lab420pro/tsn/feedback_project/feedback_app/views.py", line 639, in upload_history
    upload.keywords_list = upload.keywords.split(",")
AttributeError: 'NoneType' object has no attribute 'split'
"GET /feedback/upload_history/ HTTP/1.1" 500 74027
Internal Server Error: /feedback/upload_history/
Traceback (most recent call last):
  File "/home/lab420pro/tsn/venv/lib/python3.9/site-packages/django/core/handlers/exception.py", line 55, in inner
    response = get_response(request)
  File "/home/lab420pro/tsn/venv/lib/python3.9/site-packages/django/core/handlers/base.py", line 197, in _get_response
    response = wrapped_callback(request, *callback_args, **callback_kwargs)
  File "/home/lab420pro/tsn/venv/lib/python3.9/site-packages/django/contrib/auth/decorators.py", line 23, in _wrapper_view
    return view_func(request, *args, **kwargs)
  File "/home/lab420pro/tsn/feedback_project/feedback_app/views.py", line 639, in upload_history
    upload.keywords_list = upload.keywords.split(",")
AttributeError: 'NoneType' object has no attribute 'split'
"GET /feedback/upload_history/ HTTP/1.1" 500 73536
Internal Server Error: /feedback/upload_history/
Traceback (most recent call last):
  File "/home/lab420pro/tsn/venv/lib/python3.9/site-packages/django/core/handlers/exception.py", line 55, in inner
    response = get_response(request)
  File "/home/lab420pro/tsn/venv/lib/python3.9/site-packages/django/core/handlers/base.py", line 197, in _get_response
    response = wrapped_callback(request, *callback_args, **callback_kwargs)
  File "/home/lab420pro/tsn/venv/lib/python3.9/site-packages/django/contrib/auth/decorators.py", line 23, in _wrapper_view
    return view_func(request, *args, **kwargs)
  File "/home/lab420pro/tsn/feedback_project/feedback_app/views.py", line 639, in upload_history
    upload.keywords_list = upload.keywords.split("，")
AttributeError: 'NoneType' object has no attribute 'split'
"GET /feedback/upload_history/ HTTP/1.1" 500 73540
Internal Server Error: /feedback/upload_history/
Traceback (most recent call last):
  File "/home/lab420pro/tsn/venv/lib/python3.9/site-packages/django/core/handlers/exception.py", line 55, in inner
    response = get_response(request)
  File "/home/lab420pro/tsn/venv/lib/python3.9/site-packages/django/core/handlers/base.py", line 197, in _get_response
    response = wrapped_callback(request, *callback_args, **callback_kwargs)
  File "/home/lab420pro/tsn/venv/lib/python3.9/site-packages/django/contrib/auth/decorators.py", line 23, in _wrapper_view
    return view_func(request, *args, **kwargs)
  File "/home/lab420pro/tsn/feedback_project/feedback_app/views.py", line 640, in upload_history
    upload.keywords_list = upload.keywords.split(",")
AttributeError: 'NoneType' object has no attribute 'split'
"GET /feedback/upload_history/ HTTP/1.1" 500 73584
Internal Server Error: /feedback/upload_history/
Traceback (most recent call last):
  File "/home/lab420pro/tsn/venv/lib/python3.9/site-packages/django/core/handlers/exception.py", line 55, in inner
    response = get_response(request)
  File "/home/lab420pro/tsn/venv/lib/python3.9/site-packages/django/core/handlers/base.py", line 197, in _get_response
    response = wrapped_callback(request, *callback_args, **callback_kwargs)
  File "/home/lab420pro/tsn/venv/lib/python3.9/site-packages/django/contrib/auth/decorators.py", line 23, in _wrapper_view
    return view_func(request, *args, **kwargs)
  File "/home/lab420pro/tsn/feedback_project/feedback_app/views.py", line 639, in upload_history
    print(f"Processing upload: {upload.id}, keywords: {upload.keywords.split(',')}")
AttributeError: 'NoneType' object has no attribute 'split'
"GET /feedback/upload_history/ HTTP/1.1" 500 73643
Internal Server Error: /feedback/upload_history/
Traceback (most recent call last):
  File "/home/lab420pro/tsn/venv/lib/python3.9/site-packages/django/core/handlers/exception.py", line 55, in inner
    response = get_response(request)
  File "/home/lab420pro/tsn/venv/lib/python3.9/site-packages/django/core/handlers/base.py", line 197, in _get_response
    response = wrapped_callback(request, *callback_args, **callback_kwargs)
  File "/home/lab420pro/tsn/venv/lib/python3.9/site-packages/django/contrib/auth/decorators.py", line 23, in _wrapper_view
    return view_func(request, *args, **kwargs)
  File "/home/lab420pro/tsn/feedback_project/feedback_app/views.py", line 639, in upload_history
    print(f"Processing upload: {upload.id}, keywords: {upload.keywords.split(',')}")
AttributeError: 'NoneType' object has no attribute 'split'
"GET /feedback/upload_history/ HTTP/1.1" 500 73699
Internal Server Error: /feedback/upload_history/
Traceback (most recent call last):
  File "/home/lab420pro/tsn/venv/lib/python3.9/site-packages/django/core/handlers/exception.py", line 55, in inner
    response = get_response(request)
  File "/home/lab420pro/tsn/venv/lib/python3.9/site-packages/django/core/handlers/base.py", line 197, in _get_response
    response = wrapped_callback(request, *callback_args, **callback_kwargs)
  File "/home/lab420pro/tsn/venv/lib/python3.9/site-packages/django/contrib/auth/decorators.py", line 23, in _wrapper_view
    return view_func(request, *args, **kwargs)
  File "/home/lab420pro/tsn/feedback_project/feedback_app/views.py", line 639, in upload_history
    print(f"Processing upload: {upload.id}, keywords: {upload.keywords.split(',')}")
AttributeError: 'NoneType' object has no attribute 'split'
"GET /feedback/upload_history/ HTTP/1.1" 500 73699
Internal Server Error: /feedback/upload_history/
Traceback (most recent call last):
  File "/home/lab420pro/tsn/venv/lib/python3.9/site-packages/django/template/base.py", line 505, in parse
    compile_func = self.tags[command]
KeyError: 'else'

During handling of the above exception, another exception occurred:

Traceback (most recent call last):
  File "/home/lab420pro/tsn/venv/lib/python3.9/site-packages/django/core/handlers/exception.py", line 55, in inner
    response = get_response(request)
  File "/home/lab420pro/tsn/venv/lib/python3.9/site-packages/django/core/handlers/base.py", line 197, in _get_response
    response = wrapped_callback(request, *callback_args, **callback_kwargs)
  File "/home/lab420pro/tsn/venv/lib/python3.9/site-packages/django/contrib/auth/decorators.py", line 23, in _wrapper_view
    return view_func(request, *args, **kwargs)
  File "/home/lab420pro/tsn/feedback_project/feedback_app/views.py", line 644, in upload_history
    return render(
  File "/home/lab420pro/tsn/venv/lib/python3.9/site-packages/django/shortcuts.py", line 24, in render
    content = loader.render_to_string(template_name, context, request, using=using)
  File "/home/lab420pro/tsn/venv/lib/python3.9/site-packages/django/template/loader.py", line 61, in render_to_string
    template = get_template(template_name, using=using)
  File "/home/lab420pro/tsn/venv/lib/python3.9/site-packages/django/template/loader.py", line 15, in get_template
    return engine.get_template(template_name)
  File "/home/lab420pro/tsn/venv/lib/python3.9/site-packages/django/template/backends/django.py", line 33, in get_template
    return Template(self.engine.get_template(template_name), self)
  File "/home/lab420pro/tsn/venv/lib/python3.9/site-packages/django/template/engine.py", line 175, in get_template
    template, origin = self.find_template(template_name)
  File "/home/lab420pro/tsn/venv/lib/python3.9/site-packages/django/template/engine.py", line 157, in find_template
    template = loader.get_template(name, skip=skip)
  File "/home/lab420pro/tsn/venv/lib/python3.9/site-packages/django/template/loaders/cached.py", line 57, in get_template
    template = super().get_template(template_name, skip)
  File "/home/lab420pro/tsn/venv/lib/python3.9/site-packages/django/template/loaders/base.py", line 28, in get_template
    return Template(
  File "/home/lab420pro/tsn/venv/lib/python3.9/site-packages/django/template/base.py", line 154, in __init__
    self.nodelist = self.compile_nodelist()
  File "/home/lab420pro/tsn/venv/lib/python3.9/site-packages/django/template/base.py", line 200, in compile_nodelist
    return parser.parse()
  File "/home/lab420pro/tsn/venv/lib/python3.9/site-packages/django/template/base.py", line 513, in parse
    raise self.error(token, e)
  File "/home/lab420pro/tsn/venv/lib/python3.9/site-packages/django/template/base.py", line 511, in parse
    compiled_result = compile_func(self, token)
  File "/home/lab420pro/tsn/venv/lib/python3.9/site-packages/django/template/loader_tags.py", line 293, in do_extends
    nodelist = parser.parse()
  File "/home/lab420pro/tsn/venv/lib/python3.9/site-packages/django/template/base.py", line 513, in parse
    raise self.error(token, e)
  File "/home/lab420pro/tsn/venv/lib/python3.9/site-packages/django/template/base.py", line 511, in parse
    compiled_result = compile_func(self, token)
  File "/home/lab420pro/tsn/venv/lib/python3.9/site-packages/django/template/loader_tags.py", line 232, in do_block
    nodelist = parser.parse(("endblock",))
  File "/home/lab420pro/tsn/venv/lib/python3.9/site-packages/django/template/base.py", line 513, in parse
    raise self.error(token, e)
  File "/home/lab420pro/tsn/venv/lib/python3.9/site-packages/django/template/base.py", line 511, in parse
    compiled_result = compile_func(self, token)
  File "/home/lab420pro/tsn/venv/lib/python3.9/site-packages/django/template/defaulttags.py", line 953, in do_if
    nodelist = parser.parse(("elif", "else", "endif"))
  File "/home/lab420pro/tsn/venv/lib/python3.9/site-packages/django/template/base.py", line 513, in parse
    raise self.error(token, e)
  File "/home/lab420pro/tsn/venv/lib/python3.9/site-packages/django/template/base.py", line 511, in parse
    compiled_result = compile_func(self, token)
  File "/home/lab420pro/tsn/venv/lib/python3.9/site-packages/django/template/defaulttags.py", line 853, in do_for
    nodelist_loop = parser.parse(
  File "/home/lab420pro/tsn/venv/lib/python3.9/site-packages/django/template/base.py", line 507, in parse
    self.invalid_block_tag(token, command, parse_until)
  File "/home/lab420pro/tsn/venv/lib/python3.9/site-packages/django/template/base.py", line 558, in invalid_block_tag
    raise self.error(
django.template.exceptions.TemplateSyntaxError: Invalid block tag on line 204: 'else', expected 'empty' or 'endfor'. Did you forget to register or load this tag?
"GET /feedback/upload_history/ HTTP/1.1" 500 268932
Internal Server Error: /feedback/upload_history/
Traceback (most recent call last):
  File "/home/lab420pro/tsn/venv/lib/python3.9/site-packages/django/template/base.py", line 505, in parse
    compile_func = self.tags[command]
KeyError: 'else'

During handling of the above exception, another exception occurred:

Traceback (most recent call last):
  File "/home/lab420pro/tsn/venv/lib/python3.9/site-packages/django/core/handlers/exception.py", line 55, in inner
    response = get_response(request)
  File "/home/lab420pro/tsn/venv/lib/python3.9/site-packages/django/core/handlers/base.py", line 197, in _get_response
    response = wrapped_callback(request, *callback_args, **callback_kwargs)
  File "/home/lab420pro/tsn/venv/lib/python3.9/site-packages/django/contrib/auth/decorators.py", line 23, in _wrapper_view
    return view_func(request, *args, **kwargs)
  File "/home/lab420pro/tsn/feedback_project/feedback_app/views.py", line 644, in upload_history
    return render(
  File "/home/lab420pro/tsn/venv/lib/python3.9/site-packages/django/shortcuts.py", line 24, in render
    content = loader.render_to_string(template_name, context, request, using=using)
  File "/home/lab420pro/tsn/venv/lib/python3.9/site-packages/django/template/loader.py", line 61, in render_to_string
    template = get_template(template_name, using=using)
  File "/home/lab420pro/tsn/venv/lib/python3.9/site-packages/django/template/loader.py", line 15, in get_template
    return engine.get_template(template_name)
  File "/home/lab420pro/tsn/venv/lib/python3.9/site-packages/django/template/backends/django.py", line 33, in get_template
    return Template(self.engine.get_template(template_name), self)
  File "/home/lab420pro/tsn/venv/lib/python3.9/site-packages/django/template/engine.py", line 175, in get_template
    template, origin = self.find_template(template_name)
  File "/home/lab420pro/tsn/venv/lib/python3.9/site-packages/django/template/engine.py", line 157, in find_template
    template = loader.get_template(name, skip=skip)
  File "/home/lab420pro/tsn/venv/lib/python3.9/site-packages/django/template/loaders/cached.py", line 57, in get_template
    template = super().get_template(template_name, skip)
  File "/home/lab420pro/tsn/venv/lib/python3.9/site-packages/django/template/loaders/base.py", line 28, in get_template
    return Template(
  File "/home/lab420pro/tsn/venv/lib/python3.9/site-packages/django/template/base.py", line 154, in __init__
    self.nodelist = self.compile_nodelist()
  File "/home/lab420pro/tsn/venv/lib/python3.9/site-packages/django/template/base.py", line 200, in compile_nodelist
    return parser.parse()
  File "/home/lab420pro/tsn/venv/lib/python3.9/site-packages/django/template/base.py", line 513, in parse
    raise self.error(token, e)
  File "/home/lab420pro/tsn/venv/lib/python3.9/site-packages/django/template/base.py", line 511, in parse
    compiled_result = compile_func(self, token)
  File "/home/lab420pro/tsn/venv/lib/python3.9/site-packages/django/template/loader_tags.py", line 293, in do_extends
    nodelist = parser.parse()
  File "/home/lab420pro/tsn/venv/lib/python3.9/site-packages/django/template/base.py", line 513, in parse
    raise self.error(token, e)
  File "/home/lab420pro/tsn/venv/lib/python3.9/site-packages/django/template/base.py", line 511, in parse
    compiled_result = compile_func(self, token)
  File "/home/lab420pro/tsn/venv/lib/python3.9/site-packages/django/template/loader_tags.py", line 232, in do_block
    nodelist = parser.parse(("endblock",))
  File "/home/lab420pro/tsn/venv/lib/python3.9/site-packages/django/template/base.py", line 513, in parse
    raise self.error(token, e)
  File "/home/lab420pro/tsn/venv/lib/python3.9/site-packages/django/template/base.py", line 511, in parse
    compiled_result = compile_func(self, token)
  File "/home/lab420pro/tsn/venv/lib/python3.9/site-packages/django/template/defaulttags.py", line 953, in do_if
    nodelist = parser.parse(("elif", "else", "endif"))
  File "/home/lab420pro/tsn/venv/lib/python3.9/site-packages/django/template/base.py", line 513, in parse
    raise self.error(token, e)
  File "/home/lab420pro/tsn/venv/lib/python3.9/site-packages/django/template/base.py", line 511, in parse
    compiled_result = compile_func(self, token)
  File "/home/lab420pro/tsn/venv/lib/python3.9/site-packages/django/template/defaulttags.py", line 853, in do_for
    nodelist_loop = parser.parse(
  File "/home/lab420pro/tsn/venv/lib/python3.9/site-packages/django/template/base.py", line 507, in parse
    self.invalid_block_tag(token, command, parse_until)
  File "/home/lab420pro/tsn/venv/lib/python3.9/site-packages/django/template/base.py", line 558, in invalid_block_tag
    raise self.error(
django.template.exceptions.TemplateSyntaxError: Invalid block tag on line 204: 'else', expected 'empty' or 'endfor'. Did you forget to register or load this tag?
"GET /feedback/upload_history/ HTTP/1.1" 500 269150
Internal Server Error: /feedback/upload_history/
Traceback (most recent call last):
  File "/home/lab420pro/tsn/venv/lib/python3.9/site-packages/django/template/base.py", line 505, in parse
    compile_func = self.tags[command]
KeyError: 'else'

During handling of the above exception, another exception occurred:

Traceback (most recent call last):
  File "/home/lab420pro/tsn/venv/lib/python3.9/site-packages/django/core/handlers/exception.py", line 55, in inner
    response = get_response(request)
  File "/home/lab420pro/tsn/venv/lib/python3.9/site-packages/django/core/handlers/base.py", line 197, in _get_response
    response = wrapped_callback(request, *callback_args, **callback_kwargs)
  File "/home/lab420pro/tsn/venv/lib/python3.9/site-packages/django/contrib/auth/decorators.py", line 23, in _wrapper_view
    return view_func(request, *args, **kwargs)
  File "/home/lab420pro/tsn/feedback_project/feedback_app/views.py", line 644, in upload_history
    return render(
  File "/home/lab420pro/tsn/venv/lib/python3.9/site-packages/django/shortcuts.py", line 24, in render
    content = loader.render_to_string(template_name, context, request, using=using)
  File "/home/lab420pro/tsn/venv/lib/python3.9/site-packages/django/template/loader.py", line 61, in render_to_string
    template = get_template(template_name, using=using)
  File "/home/lab420pro/tsn/venv/lib/python3.9/site-packages/django/template/loader.py", line 15, in get_template
    return engine.get_template(template_name)
  File "/home/lab420pro/tsn/venv/lib/python3.9/site-packages/django/template/backends/django.py", line 33, in get_template
    return Template(self.engine.get_template(template_name), self)
  File "/home/lab420pro/tsn/venv/lib/python3.9/site-packages/django/template/engine.py", line 175, in get_template
    template, origin = self.find_template(template_name)
  File "/home/lab420pro/tsn/venv/lib/python3.9/site-packages/django/template/engine.py", line 157, in find_template
    template = loader.get_template(name, skip=skip)
  File "/home/lab420pro/tsn/venv/lib/python3.9/site-packages/django/template/loaders/cached.py", line 57, in get_template
    template = super().get_template(template_name, skip)
  File "/home/lab420pro/tsn/venv/lib/python3.9/site-packages/django/template/loaders/base.py", line 28, in get_template
    return Template(
  File "/home/lab420pro/tsn/venv/lib/python3.9/site-packages/django/template/base.py", line 154, in __init__
    self.nodelist = self.compile_nodelist()
  File "/home/lab420pro/tsn/venv/lib/python3.9/site-packages/django/template/base.py", line 200, in compile_nodelist
    return parser.parse()
  File "/home/lab420pro/tsn/venv/lib/python3.9/site-packages/django/template/base.py", line 513, in parse
    raise self.error(token, e)
  File "/home/lab420pro/tsn/venv/lib/python3.9/site-packages/django/template/base.py", line 511, in parse
    compiled_result = compile_func(self, token)
  File "/home/lab420pro/tsn/venv/lib/python3.9/site-packages/django/template/loader_tags.py", line 293, in do_extends
    nodelist = parser.parse()
  File "/home/lab420pro/tsn/venv/lib/python3.9/site-packages/django/template/base.py", line 513, in parse
    raise self.error(token, e)
  File "/home/lab420pro/tsn/venv/lib/python3.9/site-packages/django/template/base.py", line 511, in parse
    compiled_result = compile_func(self, token)
  File "/home/lab420pro/tsn/venv/lib/python3.9/site-packages/django/template/loader_tags.py", line 232, in do_block
    nodelist = parser.parse(("endblock",))
  File "/home/lab420pro/tsn/venv/lib/python3.9/site-packages/django/template/base.py", line 513, in parse
    raise self.error(token, e)
  File "/home/lab420pro/tsn/venv/lib/python3.9/site-packages/django/template/base.py", line 511, in parse
    compiled_result = compile_func(self, token)
  File "/home/lab420pro/tsn/venv/lib/python3.9/site-packages/django/template/defaulttags.py", line 953, in do_if
    nodelist = parser.parse(("elif", "else", "endif"))
  File "/home/lab420pro/tsn/venv/lib/python3.9/site-packages/django/template/base.py", line 513, in parse
    raise self.error(token, e)
  File "/home/lab420pro/tsn/venv/lib/python3.9/site-packages/django/template/base.py", line 511, in parse
    compiled_result = compile_func(self, token)
  File "/home/lab420pro/tsn/venv/lib/python3.9/site-packages/django/template/defaulttags.py", line 853, in do_for
    nodelist_loop = parser.parse(
  File "/home/lab420pro/tsn/venv/lib/python3.9/site-packages/django/template/base.py", line 507, in parse
    self.invalid_block_tag(token, command, parse_until)
  File "/home/lab420pro/tsn/venv/lib/python3.9/site-packages/django/template/base.py", line 558, in invalid_block_tag
    raise self.error(
django.template.exceptions.TemplateSyntaxError: Invalid block tag on line 204: 'else', expected 'empty' or 'endfor'. Did you forget to register or load this tag?
"GET /feedback/upload_history/ HTTP/1.1" 500 269013
Internal Server Error: /feedback/upload_history/
Traceback (most recent call last):
  File "/home/lab420pro/tsn/venv/lib/python3.9/site-packages/django/template/base.py", line 505, in parse
    compile_func = self.tags[command]
KeyError: 'endfor'

During handling of the above exception, another exception occurred:

Traceback (most recent call last):
  File "/home/lab420pro/tsn/venv/lib/python3.9/site-packages/django/core/handlers/exception.py", line 55, in inner
    response = get_response(request)
  File "/home/lab420pro/tsn/venv/lib/python3.9/site-packages/django/core/handlers/base.py", line 197, in _get_response
    response = wrapped_callback(request, *callback_args, **callback_kwargs)
  File "/home/lab420pro/tsn/venv/lib/python3.9/site-packages/django/contrib/auth/decorators.py", line 23, in _wrapper_view
    return view_func(request, *args, **kwargs)
  File "/home/lab420pro/tsn/feedback_project/feedback_app/views.py", line 642, in upload_history
    return render(
  File "/home/lab420pro/tsn/venv/lib/python3.9/site-packages/django/shortcuts.py", line 24, in render
    content = loader.render_to_string(template_name, context, request, using=using)
  File "/home/lab420pro/tsn/venv/lib/python3.9/site-packages/django/template/loader.py", line 61, in render_to_string
    template = get_template(template_name, using=using)
  File "/home/lab420pro/tsn/venv/lib/python3.9/site-packages/django/template/loader.py", line 15, in get_template
    return engine.get_template(template_name)
  File "/home/lab420pro/tsn/venv/lib/python3.9/site-packages/django/template/backends/django.py", line 33, in get_template
    return Template(self.engine.get_template(template_name), self)
  File "/home/lab420pro/tsn/venv/lib/python3.9/site-packages/django/template/engine.py", line 175, in get_template
    template, origin = self.find_template(template_name)
  File "/home/lab420pro/tsn/venv/lib/python3.9/site-packages/django/template/engine.py", line 157, in find_template
    template = loader.get_template(name, skip=skip)
  File "/home/lab420pro/tsn/venv/lib/python3.9/site-packages/django/template/loaders/cached.py", line 57, in get_template
    template = super().get_template(template_name, skip)
  File "/home/lab420pro/tsn/venv/lib/python3.9/site-packages/django/template/loaders/base.py", line 28, in get_template
    return Template(
  File "/home/lab420pro/tsn/venv/lib/python3.9/site-packages/django/template/base.py", line 154, in __init__
    self.nodelist = self.compile_nodelist()
  File "/home/lab420pro/tsn/venv/lib/python3.9/site-packages/django/template/base.py", line 200, in compile_nodelist
    return parser.parse()
  File "/home/lab420pro/tsn/venv/lib/python3.9/site-packages/django/template/base.py", line 513, in parse
    raise self.error(token, e)
  File "/home/lab420pro/tsn/venv/lib/python3.9/site-packages/django/template/base.py", line 511, in parse
    compiled_result = compile_func(self, token)
  File "/home/lab420pro/tsn/venv/lib/python3.9/site-packages/django/template/loader_tags.py", line 293, in do_extends
    nodelist = parser.parse()
  File "/home/lab420pro/tsn/venv/lib/python3.9/site-packages/django/template/base.py", line 513, in parse
    raise self.error(token, e)
  File "/home/lab420pro/tsn/venv/lib/python3.9/site-packages/django/template/base.py", line 511, in parse
    compiled_result = compile_func(self, token)
  File "/home/lab420pro/tsn/venv/lib/python3.9/site-packages/django/template/loader_tags.py", line 232, in do_block
    nodelist = parser.parse(("endblock",))
  File "/home/lab420pro/tsn/venv/lib/python3.9/site-packages/django/template/base.py", line 513, in parse
    raise self.error(token, e)
  File "/home/lab420pro/tsn/venv/lib/python3.9/site-packages/django/template/base.py", line 511, in parse
    compiled_result = compile_func(self, token)
  File "/home/lab420pro/tsn/venv/lib/python3.9/site-packages/django/template/defaulttags.py", line 953, in do_if
    nodelist = parser.parse(("elif", "else", "endif"))
  File "/home/lab420pro/tsn/venv/lib/python3.9/site-packages/django/template/base.py", line 513, in parse
    raise self.error(token, e)
  File "/home/lab420pro/tsn/venv/lib/python3.9/site-packages/django/template/base.py", line 511, in parse
    compiled_result = compile_func(self, token)
  File "/home/lab420pro/tsn/venv/lib/python3.9/site-packages/django/template/defaulttags.py", line 853, in do_for
    nodelist_loop = parser.parse(
  File "/home/lab420pro/tsn/venv/lib/python3.9/site-packages/django/template/base.py", line 513, in parse
    raise self.error(token, e)
  File "/home/lab420pro/tsn/venv/lib/python3.9/site-packages/django/template/base.py", line 511, in parse
    compiled_result = compile_func(self, token)
  File "/home/lab420pro/tsn/venv/lib/python3.9/site-packages/django/template/defaulttags.py", line 953, in do_if
    nodelist = parser.parse(("elif", "else", "endif"))
  File "/home/lab420pro/tsn/venv/lib/python3.9/site-packages/django/template/base.py", line 507, in parse
    self.invalid_block_tag(token, command, parse_until)
  File "/home/lab420pro/tsn/venv/lib/python3.9/site-packages/django/template/base.py", line 558, in invalid_block_tag
    raise self.error(
django.template.exceptions.TemplateSyntaxError: Invalid block tag on line 220: 'endfor', expected 'elif'，'else' or 'endif'. Did you forget to register or load this tag?
Internal Server Error: /feedback/upload_history/
Traceback (most recent call last):
  File "/home/lab420pro/tsn/venv/lib/python3.9/site-packages/django/core/handlers/exception.py", line 55, in inner
    response = get_response(request)
  File "/home/lab420pro/tsn/venv/lib/python3.9/site-packages/django/core/handlers/base.py", line 197, in _get_response
    response = wrapped_callback(request, *callback_args, **callback_kwargs)
  File "/home/lab420pro/tsn/venv/lib/python3.9/site-packages/django/contrib/auth/decorators.py", line 23, in _wrapper_view
    return view_func(request, *args, **kwargs)
  File "/home/lab420pro/tsn/feedback_project/feedback_app/views.py", line 645, in upload_history
    return render(
  File "/home/lab420pro/tsn/venv/lib/python3.9/site-packages/django/shortcuts.py", line 24, in render
    content = loader.render_to_string(template_name, context, request, using=using)
  File "/home/lab420pro/tsn/venv/lib/python3.9/site-packages/django/template/loader.py", line 62, in render_to_string
    return template.render(context, request)
  File "/home/lab420pro/tsn/venv/lib/python3.9/site-packages/django/template/backends/django.py", line 61, in render
    return self.template.render(context)
  File "/home/lab420pro/tsn/venv/lib/python3.9/site-packages/django/template/base.py", line 175, in render
    return self._render(context)
  File "/home/lab420pro/tsn/venv/lib/python3.9/site-packages/django/template/base.py", line 167, in _render
    return self.nodelist.render(context)
  File "/home/lab420pro/tsn/venv/lib/python3.9/site-packages/django/template/base.py", line 1005, in render
    return SafeString("".join([node.render_annotated(context) for node in self]))
  File "/home/lab420pro/tsn/venv/lib/python3.9/site-packages/django/template/base.py", line 1005, in <listcomp>
    return SafeString("".join([node.render_annotated(context) for node in self]))
  File "/home/lab420pro/tsn/venv/lib/python3.9/site-packages/django/template/base.py", line 966, in render_annotated
    return self.render(context)
  File "/home/lab420pro/tsn/venv/lib/python3.9/site-packages/django/template/loader_tags.py", line 157, in render
    return compiled_parent._render(context)
  File "/home/lab420pro/tsn/venv/lib/python3.9/site-packages/django/template/base.py", line 167, in _render
    return self.nodelist.render(context)
  File "/home/lab420pro/tsn/venv/lib/python3.9/site-packages/django/template/base.py", line 1005, in render
    return SafeString("".join([node.render_annotated(context) for node in self]))
  File "/home/lab420pro/tsn/venv/lib/python3.9/site-packages/django/template/base.py", line 1005, in <listcomp>
    return SafeString("".join([node.render_annotated(context) for node in self]))
  File "/home/lab420pro/tsn/venv/lib/python3.9/site-packages/django/template/base.py", line 966, in render_annotated
    return self.render(context)
  File "/home/lab420pro/tsn/venv/lib/python3.9/site-packages/django/template/loader_tags.py", line 63, in render
    result = block.nodelist.render(context)
  File "/home/lab420pro/tsn/venv/lib/python3.9/site-packages/django/template/base.py", line 1005, in render
    return SafeString("".join([node.render_annotated(context) for node in self]))
  File "/home/lab420pro/tsn/venv/lib/python3.9/site-packages/django/template/base.py", line 1005, in <listcomp>
    return SafeString("".join([node.render_annotated(context) for node in self]))
  File "/home/lab420pro/tsn/venv/lib/python3.9/site-packages/django/template/base.py", line 966, in render_annotated
    return self.render(context)
  File "/home/lab420pro/tsn/venv/lib/python3.9/site-packages/django/template/defaulttags.py", line 321, in render
    return nodelist.render(context)
  File "/home/lab420pro/tsn/venv/lib/python3.9/site-packages/django/template/base.py", line 1005, in render
    return SafeString("".join([node.render_annotated(context) for node in self]))
  File "/home/lab420pro/tsn/venv/lib/python3.9/site-packages/django/template/base.py", line 1005, in <listcomp>
    return SafeString("".join([node.render_annotated(context) for node in self]))
  File "/home/lab420pro/tsn/venv/lib/python3.9/site-packages/django/template/base.py", line 966, in render_annotated
    return self.render(context)
  File "/home/lab420pro/tsn/venv/lib/python3.9/site-packages/django/template/defaulttags.py", line 238, in render
    nodelist.append(node.render_annotated(context))
  File "/home/lab420pro/tsn/venv/lib/python3.9/site-packages/django/template/base.py", line 966, in render_annotated
    return self.render(context)
  File "/home/lab420pro/tsn/venv/lib/python3.9/site-packages/django/template/defaulttags.py", line 471, in render
    url = reverse(view_name, args=args, kwargs=kwargs, current_app=current_app)
  File "/home/lab420pro/tsn/venv/lib/python3.9/site-packages/django/urls/base.py", line 88, in reverse
    return resolver._reverse_with_prefix(view, prefix, *args, **kwargs)
  File "/home/lab420pro/tsn/venv/lib/python3.9/site-packages/django/urls/resolvers.py", line 828, in _reverse_with_prefix
    raise NoReverseMatch(msg)
django.urls.exceptions.NoReverseMatch: Reverse for 'delete_upload' not found. 'delete_upload' is not a valid view function or pattern name.
"GET /feedback/upload_history/ HTTP/1.1" 500 199968
Internal Server Error: /feedback/upload_history/
Traceback (most recent call last):
  File "/home/lab420pro/tsn/venv/lib/python3.9/site-packages/django/core/handlers/exception.py", line 55, in inner
    response = get_response(request)
  File "/home/lab420pro/tsn/venv/lib/python3.9/site-packages/django/core/handlers/base.py", line 197, in _get_response
    response = wrapped_callback(request, *callback_args, **callback_kwargs)
  File "/home/lab420pro/tsn/venv/lib/python3.9/site-packages/django/contrib/auth/decorators.py", line 23, in _wrapper_view
    return view_func(request, *args, **kwargs)
  File "/home/lab420pro/tsn/feedback_project/feedback_app/views.py", line 645, in upload_history
    return render(
  File "/home/lab420pro/tsn/venv/lib/python3.9/site-packages/django/shortcuts.py", line 24, in render
    content = loader.render_to_string(template_name, context, request, using=using)
  File "/home/lab420pro/tsn/venv/lib/python3.9/site-packages/django/template/loader.py", line 62, in render_to_string
    return template.render(context, request)
  File "/home/lab420pro/tsn/venv/lib/python3.9/site-packages/django/template/backends/django.py", line 61, in render
    return self.template.render(context)
  File "/home/lab420pro/tsn/venv/lib/python3.9/site-packages/django/template/base.py", line 175, in render
    return self._render(context)
  File "/home/lab420pro/tsn/venv/lib/python3.9/site-packages/django/template/base.py", line 167, in _render
    return self.nodelist.render(context)
  File "/home/lab420pro/tsn/venv/lib/python3.9/site-packages/django/template/base.py", line 1005, in render
    return SafeString("".join([node.render_annotated(context) for node in self]))
  File "/home/lab420pro/tsn/venv/lib/python3.9/site-packages/django/template/base.py", line 1005, in <listcomp>
    return SafeString("".join([node.render_annotated(context) for node in self]))
  File "/home/lab420pro/tsn/venv/lib/python3.9/site-packages/django/template/base.py", line 966, in render_annotated
    return self.render(context)
  File "/home/lab420pro/tsn/venv/lib/python3.9/site-packages/django/template/loader_tags.py", line 157, in render
    return compiled_parent._render(context)
  File "/home/lab420pro/tsn/venv/lib/python3.9/site-packages/django/template/base.py", line 167, in _render
    return self.nodelist.render(context)
  File "/home/lab420pro/tsn/venv/lib/python3.9/site-packages/django/template/base.py", line 1005, in render
    return SafeString("".join([node.render_annotated(context) for node in self]))
  File "/home/lab420pro/tsn/venv/lib/python3.9/site-packages/django/template/base.py", line 1005, in <listcomp>
    return SafeString("".join([node.render_annotated(context) for node in self]))
  File "/home/lab420pro/tsn/venv/lib/python3.9/site-packages/django/template/base.py", line 966, in render_annotated
    return self.render(context)
  File "/home/lab420pro/tsn/venv/lib/python3.9/site-packages/django/template/loader_tags.py", line 63, in render
    result = block.nodelist.render(context)
  File "/home/lab420pro/tsn/venv/lib/python3.9/site-packages/django/template/base.py", line 1005, in render
    return SafeString("".join([node.render_annotated(context) for node in self]))
  File "/home/lab420pro/tsn/venv/lib/python3.9/site-packages/django/template/base.py", line 1005, in <listcomp>
    return SafeString("".join([node.render_annotated(context) for node in self]))
  File "/home/lab420pro/tsn/venv/lib/python3.9/site-packages/django/template/base.py", line 966, in render_annotated
    return self.render(context)
  File "/home/lab420pro/tsn/venv/lib/python3.9/site-packages/django/template/defaulttags.py", line 321, in render
    return nodelist.render(context)
  File "/home/lab420pro/tsn/venv/lib/python3.9/site-packages/django/template/base.py", line 1005, in render
    return SafeString("".join([node.render_annotated(context) for node in self]))
  File "/home/lab420pro/tsn/venv/lib/python3.9/site-packages/django/template/base.py", line 1005, in <listcomp>
    return SafeString("".join([node.render_annotated(context) for node in self]))
  File "/home/lab420pro/tsn/venv/lib/python3.9/site-packages/django/template/base.py", line 966, in render_annotated
    return self.render(context)
  File "/home/lab420pro/tsn/venv/lib/python3.9/site-packages/django/template/defaulttags.py", line 238, in render
    nodelist.append(node.render_annotated(context))
  File "/home/lab420pro/tsn/venv/lib/python3.9/site-packages/django/template/base.py", line 966, in render_annotated
    return self.render(context)
  File "/home/lab420pro/tsn/venv/lib/python3.9/site-packages/django/template/defaulttags.py", line 471, in render
    url = reverse(view_name, args=args, kwargs=kwargs, current_app=current_app)
  File "/home/lab420pro/tsn/venv/lib/python3.9/site-packages/django/urls/base.py", line 88, in reverse
    return resolver._reverse_with_prefix(view, prefix, *args, **kwargs)
  File "/home/lab420pro/tsn/venv/lib/python3.9/site-packages/django/urls/resolvers.py", line 828, in _reverse_with_prefix
    raise NoReverseMatch(msg)
django.urls.exceptions.NoReverseMatch: Reverse for 'delete_upload' not found. 'delete_upload' is not a valid view function or pattern name.
"GET /feedback/upload_history/ HTTP/1.1" 500 200333
Internal Server Error: /feedback/upload_history/
Traceback (most recent call last):
  File "/home/lab420pro/tsn/venv/lib/python3.9/site-packages/django/core/handlers/exception.py", line 55, in inner
    response = get_response(request)
  File "/home/lab420pro/tsn/venv/lib/python3.9/site-packages/django/core/handlers/base.py", line 197, in _get_response
    response = wrapped_callback(request, *callback_args, **callback_kwargs)
  File "/home/lab420pro/tsn/venv/lib/python3.9/site-packages/django/contrib/auth/decorators.py", line 23, in _wrapper_view
    return view_func(request, *args, **kwargs)
  File "/home/lab420pro/tsn/feedback_project/feedback_app/views.py", line 645, in upload_history
    return render(
  File "/home/lab420pro/tsn/venv/lib/python3.9/site-packages/django/shortcuts.py", line 24, in render
    content = loader.render_to_string(template_name, context, request, using=using)
  File "/home/lab420pro/tsn/venv/lib/python3.9/site-packages/django/template/loader.py", line 62, in render_to_string
    return template.render(context, request)
  File "/home/lab420pro/tsn/venv/lib/python3.9/site-packages/django/template/backends/django.py", line 61, in render
    return self.template.render(context)
  File "/home/lab420pro/tsn/venv/lib/python3.9/site-packages/django/template/base.py", line 175, in render
    return self._render(context)
  File "/home/lab420pro/tsn/venv/lib/python3.9/site-packages/django/template/base.py", line 167, in _render
    return self.nodelist.render(context)
  File "/home/lab420pro/tsn/venv/lib/python3.9/site-packages/django/template/base.py", line 1005, in render
    return SafeString("".join([node.render_annotated(context) for node in self]))
  File "/home/lab420pro/tsn/venv/lib/python3.9/site-packages/django/template/base.py", line 1005, in <listcomp>
    return SafeString("".join([node.render_annotated(context) for node in self]))
  File "/home/lab420pro/tsn/venv/lib/python3.9/site-packages/django/template/base.py", line 966, in render_annotated
    return self.render(context)
  File "/home/lab420pro/tsn/venv/lib/python3.9/site-packages/django/template/loader_tags.py", line 157, in render
    return compiled_parent._render(context)
  File "/home/lab420pro/tsn/venv/lib/python3.9/site-packages/django/template/base.py", line 167, in _render
    return self.nodelist.render(context)
  File "/home/lab420pro/tsn/venv/lib/python3.9/site-packages/django/template/base.py", line 1005, in render
    return SafeString("".join([node.render_annotated(context) for node in self]))
  File "/home/lab420pro/tsn/venv/lib/python3.9/site-packages/django/template/base.py", line 1005, in <listcomp>
    return SafeString("".join([node.render_annotated(context) for node in self]))
  File "/home/lab420pro/tsn/venv/lib/python3.9/site-packages/django/template/base.py", line 966, in render_annotated
    return self.render(context)
  File "/home/lab420pro/tsn/venv/lib/python3.9/site-packages/django/template/loader_tags.py", line 63, in render
    result = block.nodelist.render(context)
  File "/home/lab420pro/tsn/venv/lib/python3.9/site-packages/django/template/base.py", line 1005, in render
    return SafeString("".join([node.render_annotated(context) for node in self]))
  File "/home/lab420pro/tsn/venv/lib/python3.9/site-packages/django/template/base.py", line 1005, in <listcomp>
    return SafeString("".join([node.render_annotated(context) for node in self]))
  File "/home/lab420pro/tsn/venv/lib/python3.9/site-packages/django/template/base.py", line 966, in render_annotated
    return self.render(context)
  File "/home/lab420pro/tsn/venv/lib/python3.9/site-packages/django/template/defaulttags.py", line 321, in render
    return nodelist.render(context)
  File "/home/lab420pro/tsn/venv/lib/python3.9/site-packages/django/template/base.py", line 1005, in render
    return SafeString("".join([node.render_annotated(context) for node in self]))
  File "/home/lab420pro/tsn/venv/lib/python3.9/site-packages/django/template/base.py", line 1005, in <listcomp>
    return SafeString("".join([node.render_annotated(context) for node in self]))
  File "/home/lab420pro/tsn/venv/lib/python3.9/site-packages/django/template/base.py", line 966, in render_annotated
    return self.render(context)
  File "/home/lab420pro/tsn/venv/lib/python3.9/site-packages/django/template/defaulttags.py", line 238, in render
    nodelist.append(node.render_annotated(context))
  File "/home/lab420pro/tsn/venv/lib/python3.9/site-packages/django/template/base.py", line 966, in render_annotated
    return self.render(context)
  File "/home/lab420pro/tsn/venv/lib/python3.9/site-packages/django/template/defaulttags.py", line 471, in render
    url = reverse(view_name, args=args, kwargs=kwargs, current_app=current_app)
  File "/home/lab420pro/tsn/venv/lib/python3.9/site-packages/django/urls/base.py", line 88, in reverse
    return resolver._reverse_with_prefix(view, prefix, *args, **kwargs)
  File "/home/lab420pro/tsn/venv/lib/python3.9/site-packages/django/urls/resolvers.py", line 828, in _reverse_with_prefix
    raise NoReverseMatch(msg)
django.urls.exceptions.NoReverseMatch: Reverse for 'delete_document' with arguments '(10,)' not found. 1 pattern(s) tried: ['feedback/delete_document/\\Z']
"GET /feedback/upload_history/ HTTP/1.1" 500 202845
Internal Server Error: /feedback/delete_document/
"POST /feedback/delete_document/ HTTP/1.1" 500 89
Internal Server Error: /feedback/delete_document/
"POST /feedback/delete_document/ HTTP/1.1" 500 177
Internal Server Error: /feedback/delete_document/
"POST /feedback/delete_document/ HTTP/1.1" 500 87
Internal Server Error: /feedback/upload_history/
Traceback (most recent call last):
  File "/home/lab420pro/tsn/venv/lib/python3.9/site-packages/django/core/handlers/exception.py", line 55, in inner
    response = get_response(request)
  File "/home/lab420pro/tsn/venv/lib/python3.9/site-packages/django/core/handlers/base.py", line 197, in _get_response
    response = wrapped_callback(request, *callback_args, **callback_kwargs)
  File "/home/lab420pro/tsn/venv/lib/python3.9/site-packages/django/contrib/auth/decorators.py", line 23, in _wrapper_view
    return view_func(request, *args, **kwargs)
  File "/home/lab420pro/tsn/feedback_project/feedback_app/views.py", line 693, in upload_history
    return render(
  File "/home/lab420pro/tsn/venv/lib/python3.9/site-packages/django/shortcuts.py", line 24, in render
    content = loader.render_to_string(template_name, context, request, using=using)
  File "/home/lab420pro/tsn/venv/lib/python3.9/site-packages/django/template/loader.py", line 61, in render_to_string
    template = get_template(template_name, using=using)
  File "/home/lab420pro/tsn/venv/lib/python3.9/site-packages/django/template/loader.py", line 15, in get_template
    return engine.get_template(template_name)
  File "/home/lab420pro/tsn/venv/lib/python3.9/site-packages/django/template/backends/django.py", line 33, in get_template
    return Template(self.engine.get_template(template_name), self)
  File "/home/lab420pro/tsn/venv/lib/python3.9/site-packages/django/template/engine.py", line 175, in get_template
    template, origin = self.find_template(template_name)
  File "/home/lab420pro/tsn/venv/lib/python3.9/site-packages/django/template/engine.py", line 157, in find_template
    template = loader.get_template(name, skip=skip)
  File "/home/lab420pro/tsn/venv/lib/python3.9/site-packages/django/template/loaders/cached.py", line 57, in get_template
    template = super().get_template(template_name, skip)
  File "/home/lab420pro/tsn/venv/lib/python3.9/site-packages/django/template/loaders/base.py", line 28, in get_template
    return Template(
  File "/home/lab420pro/tsn/venv/lib/python3.9/site-packages/django/template/base.py", line 154, in __init__
    self.nodelist = self.compile_nodelist()
  File "/home/lab420pro/tsn/venv/lib/python3.9/site-packages/django/template/base.py", line 200, in compile_nodelist
    return parser.parse()
  File "/home/lab420pro/tsn/venv/lib/python3.9/site-packages/django/template/base.py", line 513, in parse
    raise self.error(token, e)
  File "/home/lab420pro/tsn/venv/lib/python3.9/site-packages/django/template/base.py", line 511, in parse
    compiled_result = compile_func(self, token)
  File "/home/lab420pro/tsn/venv/lib/python3.9/site-packages/django/template/loader_tags.py", line 293, in do_extends
    nodelist = parser.parse()
  File "/home/lab420pro/tsn/venv/lib/python3.9/site-packages/django/template/base.py", line 513, in parse
    raise self.error(token, e)
  File "/home/lab420pro/tsn/venv/lib/python3.9/site-packages/django/template/base.py", line 511, in parse
    compiled_result = compile_func(self, token)
  File "/home/lab420pro/tsn/venv/lib/python3.9/site-packages/django/template/loader_tags.py", line 232, in do_block
    nodelist = parser.parse(("endblock",))
  File "/home/lab420pro/tsn/venv/lib/python3.9/site-packages/django/template/base.py", line 513, in parse
    raise self.error(token, e)
  File "/home/lab420pro/tsn/venv/lib/python3.9/site-packages/django/template/base.py", line 511, in parse
    compiled_result = compile_func(self, token)
  File "/home/lab420pro/tsn/venv/lib/python3.9/site-packages/django/template/defaulttags.py", line 953, in do_if
    nodelist = parser.parse(("elif", "else", "endif"))
  File "/home/lab420pro/tsn/venv/lib/python3.9/site-packages/django/template/base.py", line 513, in parse
    raise self.error(token, e)
  File "/home/lab420pro/tsn/venv/lib/python3.9/site-packages/django/template/base.py", line 511, in parse
    compiled_result = compile_func(self, token)
  File "/home/lab420pro/tsn/venv/lib/python3.9/site-packages/django/template/defaulttags.py", line 853, in do_for
    nodelist_loop = parser.parse(
  File "/home/lab420pro/tsn/venv/lib/python3.9/site-packages/django/template/base.py", line 513, in parse
    raise self.error(token, e)
  File "/home/lab420pro/tsn/venv/lib/python3.9/site-packages/django/template/base.py", line 511, in parse
    compiled_result = compile_func(self, token)
  File "/home/lab420pro/tsn/venv/lib/python3.9/site-packages/django/template/defaulttags.py", line 953, in do_if
    nodelist = parser.parse(("elif", "else", "endif"))
  File "/home/lab420pro/tsn/venv/lib/python3.9/site-packages/django/template/base.py", line 484, in parse
    raise self.error(token, e)
  File "/home/lab420pro/tsn/venv/lib/python3.9/site-packages/django/template/base.py", line 482, in parse
    filter_expression = self.compile_filter(token.contents)
  File "/home/lab420pro/tsn/venv/lib/python3.9/site-packages/django/template/base.py", line 600, in compile_filter
    return FilterExpression(token, self)
  File "/home/lab420pro/tsn/venv/lib/python3.9/site-packages/django/template/base.py", line 673, in __init__
    raise TemplateSyntaxError(
django.template.exceptions.TemplateSyntaxError: Could not parse some characters: num| == uploads.number||add:0|int and 'bg-blue-600 text-white' or 'bg-white hover:bg-gray-100'
"GET /feedback/upload_history/ HTTP/1.1" 500 268676
Internal Server Error: /feedback/upload_history/
Traceback (most recent call last):
  File "/home/lab420pro/tsn/venv/lib/python3.9/site-packages/django/core/handlers/exception.py", line 55, in inner
    response = get_response(request)
  File "/home/lab420pro/tsn/venv/lib/python3.9/site-packages/django/core/handlers/base.py", line 197, in _get_response
    response = wrapped_callback(request, *callback_args, **callback_kwargs)
  File "/home/lab420pro/tsn/venv/lib/python3.9/site-packages/django/contrib/auth/decorators.py", line 23, in _wrapper_view
    return view_func(request, *args, **kwargs)
  File "/home/lab420pro/tsn/feedback_project/feedback_app/views.py", line 693, in upload_history
    return render(
  File "/home/lab420pro/tsn/venv/lib/python3.9/site-packages/django/shortcuts.py", line 24, in render
    content = loader.render_to_string(template_name, context, request, using=using)
  File "/home/lab420pro/tsn/venv/lib/python3.9/site-packages/django/template/loader.py", line 61, in render_to_string
    template = get_template(template_name, using=using)
  File "/home/lab420pro/tsn/venv/lib/python3.9/site-packages/django/template/loader.py", line 15, in get_template
    return engine.get_template(template_name)
  File "/home/lab420pro/tsn/venv/lib/python3.9/site-packages/django/template/backends/django.py", line 33, in get_template
    return Template(self.engine.get_template(template_name), self)
  File "/home/lab420pro/tsn/venv/lib/python3.9/site-packages/django/template/engine.py", line 175, in get_template
    template, origin = self.find_template(template_name)
  File "/home/lab420pro/tsn/venv/lib/python3.9/site-packages/django/template/engine.py", line 157, in find_template
    template = loader.get_template(name, skip=skip)
  File "/home/lab420pro/tsn/venv/lib/python3.9/site-packages/django/template/loaders/cached.py", line 57, in get_template
    template = super().get_template(template_name, skip)
  File "/home/lab420pro/tsn/venv/lib/python3.9/site-packages/django/template/loaders/base.py", line 28, in get_template
    return Template(
  File "/home/lab420pro/tsn/venv/lib/python3.9/site-packages/django/template/base.py", line 154, in __init__
    self.nodelist = self.compile_nodelist()
  File "/home/lab420pro/tsn/venv/lib/python3.9/site-packages/django/template/base.py", line 200, in compile_nodelist
    return parser.parse()
  File "/home/lab420pro/tsn/venv/lib/python3.9/site-packages/django/template/base.py", line 513, in parse
    raise self.error(token, e)
  File "/home/lab420pro/tsn/venv/lib/python3.9/site-packages/django/template/base.py", line 511, in parse
    compiled_result = compile_func(self, token)
  File "/home/lab420pro/tsn/venv/lib/python3.9/site-packages/django/template/loader_tags.py", line 293, in do_extends
    nodelist = parser.parse()
  File "/home/lab420pro/tsn/venv/lib/python3.9/site-packages/django/template/base.py", line 513, in parse
    raise self.error(token, e)
  File "/home/lab420pro/tsn/venv/lib/python3.9/site-packages/django/template/base.py", line 511, in parse
    compiled_result = compile_func(self, token)
  File "/home/lab420pro/tsn/venv/lib/python3.9/site-packages/django/template/loader_tags.py", line 232, in do_block
    nodelist = parser.parse(("endblock",))
  File "/home/lab420pro/tsn/venv/lib/python3.9/site-packages/django/template/base.py", line 513, in parse
    raise self.error(token, e)
  File "/home/lab420pro/tsn/venv/lib/python3.9/site-packages/django/template/base.py", line 511, in parse
    compiled_result = compile_func(self, token)
  File "/home/lab420pro/tsn/venv/lib/python3.9/site-packages/django/template/defaulttags.py", line 953, in do_if
    nodelist = parser.parse(("elif", "else", "endif"))
  File "/home/lab420pro/tsn/venv/lib/python3.9/site-packages/django/template/base.py", line 513, in parse
    raise self.error(token, e)
  File "/home/lab420pro/tsn/venv/lib/python3.9/site-packages/django/template/base.py", line 511, in parse
    compiled_result = compile_func(self, token)
  File "/home/lab420pro/tsn/venv/lib/python3.9/site-packages/django/template/defaulttags.py", line 853, in do_for
    nodelist_loop = parser.parse(
  File "/home/lab420pro/tsn/venv/lib/python3.9/site-packages/django/template/base.py", line 513, in parse
    raise self.error(token, e)
  File "/home/lab420pro/tsn/venv/lib/python3.9/site-packages/django/template/base.py", line 511, in parse
    compiled_result = compile_func(self, token)
  File "/home/lab420pro/tsn/venv/lib/python3.9/site-packages/django/template/defaulttags.py", line 953, in do_if
    nodelist = parser.parse(("elif", "else", "endif"))
  File "/home/lab420pro/tsn/venv/lib/python3.9/site-packages/django/template/base.py", line 484, in parse
    raise self.error(token, e)
  File "/home/lab420pro/tsn/venv/lib/python3.9/site-packages/django/template/base.py", line 482, in parse
    filter_expression = self.compile_filter(token.contents)
  File "/home/lab420pro/tsn/venv/lib/python3.9/site-packages/django/template/base.py", line 600, in compile_filter
    return FilterExpression(token, self)
  File "/home/lab420pro/tsn/venv/lib/python3.9/site-packages/django/template/base.py", line 703, in __init__
    raise TemplateSyntaxError(
django.template.exceptions.TemplateSyntaxError: Could not parse the remainder: ' ~ upload.task_id' from 'upload.keywords_list|safe|json_script:'kw_' ~ upload.task_id'
"GET /feedback/upload_history/ HTTP/1.1" 500 303379
Internal Server Error: /feedback/upload_history/
Traceback (most recent call last):
  File "/home/lab420pro/tsn/venv/lib/python3.9/site-packages/django/template/base.py", line 880, in _resolve_lookup
    current = current[bit]
TypeError: 'DocumentTask' object is not subscriptable

During handling of the above exception, another exception occurred:

Traceback (most recent call last):
  File "/home/lab420pro/tsn/venv/lib/python3.9/site-packages/django/template/base.py", line 890, in _resolve_lookup
    current = getattr(current, bit)
AttributeError: 'DocumentTask' object has no attribute 'task_id'

During handling of the above exception, another exception occurred:

Traceback (most recent call last):
  File "/home/lab420pro/tsn/venv/lib/python3.9/site-packages/django/template/base.py", line 896, in _resolve_lookup
    current = current[int(bit)]
ValueError: invalid literal for int() with base 10: 'task_id'

During handling of the above exception, another exception occurred:

Traceback (most recent call last):
  File "/home/lab420pro/tsn/venv/lib/python3.9/site-packages/django/core/handlers/exception.py", line 55, in inner
    response = get_response(request)
  File "/home/lab420pro/tsn/venv/lib/python3.9/site-packages/django/core/handlers/base.py", line 197, in _get_response
    response = wrapped_callback(request, *callback_args, **callback_kwargs)
  File "/home/lab420pro/tsn/venv/lib/python3.9/site-packages/django/contrib/auth/decorators.py", line 23, in _wrapper_view
    return view_func(request, *args, **kwargs)
  File "/home/lab420pro/tsn/feedback_project/feedback_app/views.py", line 693, in upload_history
    return render(
  File "/home/lab420pro/tsn/venv/lib/python3.9/site-packages/django/shortcuts.py", line 24, in render
    content = loader.render_to_string(template_name, context, request, using=using)
  File "/home/lab420pro/tsn/venv/lib/python3.9/site-packages/django/template/loader.py", line 62, in render_to_string
    return template.render(context, request)
  File "/home/lab420pro/tsn/venv/lib/python3.9/site-packages/django/template/backends/django.py", line 61, in render
    return self.template.render(context)
  File "/home/lab420pro/tsn/venv/lib/python3.9/site-packages/django/template/base.py", line 175, in render
    return self._render(context)
  File "/home/lab420pro/tsn/venv/lib/python3.9/site-packages/django/template/base.py", line 167, in _render
    return self.nodelist.render(context)
  File "/home/lab420pro/tsn/venv/lib/python3.9/site-packages/django/template/base.py", line 1005, in render
    return SafeString("".join([node.render_annotated(context) for node in self]))
  File "/home/lab420pro/tsn/venv/lib/python3.9/site-packages/django/template/base.py", line 1005, in <listcomp>
    return SafeString("".join([node.render_annotated(context) for node in self]))
  File "/home/lab420pro/tsn/venv/lib/python3.9/site-packages/django/template/base.py", line 966, in render_annotated
    return self.render(context)
  File "/home/lab420pro/tsn/venv/lib/python3.9/site-packages/django/template/loader_tags.py", line 157, in render
    return compiled_parent._render(context)
  File "/home/lab420pro/tsn/venv/lib/python3.9/site-packages/django/template/base.py", line 167, in _render
    return self.nodelist.render(context)
  File "/home/lab420pro/tsn/venv/lib/python3.9/site-packages/django/template/base.py", line 1005, in render
    return SafeString("".join([node.render_annotated(context) for node in self]))
  File "/home/lab420pro/tsn/venv/lib/python3.9/site-packages/django/template/base.py", line 1005, in <listcomp>
    return SafeString("".join([node.render_annotated(context) for node in self]))
  File "/home/lab420pro/tsn/venv/lib/python3.9/site-packages/django/template/base.py", line 966, in render_annotated
    return self.render(context)
  File "/home/lab420pro/tsn/venv/lib/python3.9/site-packages/django/template/loader_tags.py", line 63, in render
    result = block.nodelist.render(context)
  File "/home/lab420pro/tsn/venv/lib/python3.9/site-packages/django/template/base.py", line 1005, in render
    return SafeString("".join([node.render_annotated(context) for node in self]))
  File "/home/lab420pro/tsn/venv/lib/python3.9/site-packages/django/template/base.py", line 1005, in <listcomp>
    return SafeString("".join([node.render_annotated(context) for node in self]))
  File "/home/lab420pro/tsn/venv/lib/python3.9/site-packages/django/template/base.py", line 966, in render_annotated
    return self.render(context)
  File "/home/lab420pro/tsn/venv/lib/python3.9/site-packages/django/template/defaulttags.py", line 321, in render
    return nodelist.render(context)
  File "/home/lab420pro/tsn/venv/lib/python3.9/site-packages/django/template/base.py", line 1005, in render
    return SafeString("".join([node.render_annotated(context) for node in self]))
  File "/home/lab420pro/tsn/venv/lib/python3.9/site-packages/django/template/base.py", line 1005, in <listcomp>
    return SafeString("".join([node.render_annotated(context) for node in self]))
  File "/home/lab420pro/tsn/venv/lib/python3.9/site-packages/django/template/base.py", line 966, in render_annotated
    return self.render(context)
  File "/home/lab420pro/tsn/venv/lib/python3.9/site-packages/django/template/defaulttags.py", line 238, in render
    nodelist.append(node.render_annotated(context))
  File "/home/lab420pro/tsn/venv/lib/python3.9/site-packages/django/template/base.py", line 966, in render_annotated
    return self.render(context)
  File "/home/lab420pro/tsn/venv/lib/python3.9/site-packages/django/template/defaulttags.py", line 321, in render
    return nodelist.render(context)
  File "/home/lab420pro/tsn/venv/lib/python3.9/site-packages/django/template/base.py", line 1005, in render
    return SafeString("".join([node.render_annotated(context) for node in self]))
  File "/home/lab420pro/tsn/venv/lib/python3.9/site-packages/django/template/base.py", line 1005, in <listcomp>
    return SafeString("".join([node.render_annotated(context) for node in self]))
  File "/home/lab420pro/tsn/venv/lib/python3.9/site-packages/django/template/base.py", line 966, in render_annotated
    return self.render(context)
  File "/home/lab420pro/tsn/venv/lib/python3.9/site-packages/django/template/base.py", line 1064, in render
    output = self.filter_expression.resolve(context)
  File "/home/lab420pro/tsn/venv/lib/python3.9/site-packages/django/template/base.py", line 736, in resolve
    arg_vals.append(arg.resolve(context))
  File "/home/lab420pro/tsn/venv/lib/python3.9/site-packages/django/template/base.py", line 847, in resolve
    value = self._resolve_lookup(context)
  File "/home/lab420pro/tsn/venv/lib/python3.9/site-packages/django/template/base.py", line 903, in _resolve_lookup
    raise VariableDoesNotExist(
django.template.base.VariableDoesNotExist: Failed lookup for key [task_id] in <DocumentTask: 添加文档 - 失败>
"GET /feedback/upload_history/ HTTP/1.1" 500 239422
Internal Server Error: /feedback/upload_history/
Traceback (most recent call last):
  File "/home/lab420pro/tsn/venv/lib/python3.9/site-packages/django/template/base.py", line 880, in _resolve_lookup
    current = current[bit]
TypeError: 'DocumentTask' object is not subscriptable

During handling of the above exception, another exception occurred:

Traceback (most recent call last):
  File "/home/lab420pro/tsn/venv/lib/python3.9/site-packages/django/template/base.py", line 890, in _resolve_lookup
    current = getattr(current, bit)
AttributeError: 'DocumentTask' object has no attribute 'task_id'

During handling of the above exception, another exception occurred:

Traceback (most recent call last):
  File "/home/lab420pro/tsn/venv/lib/python3.9/site-packages/django/template/base.py", line 896, in _resolve_lookup
    current = current[int(bit)]
ValueError: invalid literal for int() with base 10: 'task_id'

During handling of the above exception, another exception occurred:

Traceback (most recent call last):
  File "/home/lab420pro/tsn/venv/lib/python3.9/site-packages/django/core/handlers/exception.py", line 55, in inner
    response = get_response(request)
  File "/home/lab420pro/tsn/venv/lib/python3.9/site-packages/django/core/handlers/base.py", line 197, in _get_response
    response = wrapped_callback(request, *callback_args, **callback_kwargs)
  File "/home/lab420pro/tsn/venv/lib/python3.9/site-packages/django/contrib/auth/decorators.py", line 23, in _wrapper_view
    return view_func(request, *args, **kwargs)
  File "/home/lab420pro/tsn/feedback_project/feedback_app/views.py", line 693, in upload_history
    return render(
  File "/home/lab420pro/tsn/venv/lib/python3.9/site-packages/django/shortcuts.py", line 24, in render
    content = loader.render_to_string(template_name, context, request, using=using)
  File "/home/lab420pro/tsn/venv/lib/python3.9/site-packages/django/template/loader.py", line 62, in render_to_string
    return template.render(context, request)
  File "/home/lab420pro/tsn/venv/lib/python3.9/site-packages/django/template/backends/django.py", line 61, in render
    return self.template.render(context)
  File "/home/lab420pro/tsn/venv/lib/python3.9/site-packages/django/template/base.py", line 175, in render
    return self._render(context)
  File "/home/lab420pro/tsn/venv/lib/python3.9/site-packages/django/template/base.py", line 167, in _render
    return self.nodelist.render(context)
  File "/home/lab420pro/tsn/venv/lib/python3.9/site-packages/django/template/base.py", line 1005, in render
    return SafeString("".join([node.render_annotated(context) for node in self]))
  File "/home/lab420pro/tsn/venv/lib/python3.9/site-packages/django/template/base.py", line 1005, in <listcomp>
    return SafeString("".join([node.render_annotated(context) for node in self]))
  File "/home/lab420pro/tsn/venv/lib/python3.9/site-packages/django/template/base.py", line 966, in render_annotated
    return self.render(context)
  File "/home/lab420pro/tsn/venv/lib/python3.9/site-packages/django/template/loader_tags.py", line 157, in render
    return compiled_parent._render(context)
  File "/home/lab420pro/tsn/venv/lib/python3.9/site-packages/django/template/base.py", line 167, in _render
    return self.nodelist.render(context)
  File "/home/lab420pro/tsn/venv/lib/python3.9/site-packages/django/template/base.py", line 1005, in render
    return SafeString("".join([node.render_annotated(context) for node in self]))
  File "/home/lab420pro/tsn/venv/lib/python3.9/site-packages/django/template/base.py", line 1005, in <listcomp>
    return SafeString("".join([node.render_annotated(context) for node in self]))
  File "/home/lab420pro/tsn/venv/lib/python3.9/site-packages/django/template/base.py", line 966, in render_annotated
    return self.render(context)
  File "/home/lab420pro/tsn/venv/lib/python3.9/site-packages/django/template/loader_tags.py", line 63, in render
    result = block.nodelist.render(context)
  File "/home/lab420pro/tsn/venv/lib/python3.9/site-packages/django/template/base.py", line 1005, in render
    return SafeString("".join([node.render_annotated(context) for node in self]))
  File "/home/lab420pro/tsn/venv/lib/python3.9/site-packages/django/template/base.py", line 1005, in <listcomp>
    return SafeString("".join([node.render_annotated(context) for node in self]))
  File "/home/lab420pro/tsn/venv/lib/python3.9/site-packages/django/template/base.py", line 966, in render_annotated
    return self.render(context)
  File "/home/lab420pro/tsn/venv/lib/python3.9/site-packages/django/template/defaulttags.py", line 321, in render
    return nodelist.render(context)
  File "/home/lab420pro/tsn/venv/lib/python3.9/site-packages/django/template/base.py", line 1005, in render
    return SafeString("".join([node.render_annotated(context) for node in self]))
  File "/home/lab420pro/tsn/venv/lib/python3.9/site-packages/django/template/base.py", line 1005, in <listcomp>
    return SafeString("".join([node.render_annotated(context) for node in self]))
  File "/home/lab420pro/tsn/venv/lib/python3.9/site-packages/django/template/base.py", line 966, in render_annotated
    return self.render(context)
  File "/home/lab420pro/tsn/venv/lib/python3.9/site-packages/django/template/defaulttags.py", line 238, in render
    nodelist.append(node.render_annotated(context))
  File "/home/lab420pro/tsn/venv/lib/python3.9/site-packages/django/template/base.py", line 966, in render_annotated
    return self.render(context)
  File "/home/lab420pro/tsn/venv/lib/python3.9/site-packages/django/template/defaulttags.py", line 321, in render
    return nodelist.render(context)
  File "/home/lab420pro/tsn/venv/lib/python3.9/site-packages/django/template/base.py", line 1005, in render
    return SafeString("".join([node.render_annotated(context) for node in self]))
  File "/home/lab420pro/tsn/venv/lib/python3.9/site-packages/django/template/base.py", line 1005, in <listcomp>
    return SafeString("".join([node.render_annotated(context) for node in self]))
  File "/home/lab420pro/tsn/venv/lib/python3.9/site-packages/django/template/base.py", line 966, in render_annotated
    return self.render(context)
  File "/home/lab420pro/tsn/venv/lib/python3.9/site-packages/django/template/base.py", line 1064, in render
    output = self.filter_expression.resolve(context)
  File "/home/lab420pro/tsn/venv/lib/python3.9/site-packages/django/template/base.py", line 736, in resolve
    arg_vals.append(arg.resolve(context))
  File "/home/lab420pro/tsn/venv/lib/python3.9/site-packages/django/template/base.py", line 847, in resolve
    value = self._resolve_lookup(context)
  File "/home/lab420pro/tsn/venv/lib/python3.9/site-packages/django/template/base.py", line 903, in _resolve_lookup
    raise VariableDoesNotExist(
django.template.base.VariableDoesNotExist: Failed lookup for key [task_id] in <DocumentTask: 添加文档 - 失败>
"GET /feedback/upload_history/ HTTP/1.1" 500 239382
Internal Server Error: /feedback/upload_history/
Traceback (most recent call last):
  File "/home/lab420pro/tsn/venv/lib/python3.9/site-packages/django/core/handlers/exception.py", line 55, in inner
    response = get_response(request)
  File "/home/lab420pro/tsn/venv/lib/python3.9/site-packages/django/core/handlers/base.py", line 197, in _get_response
    response = wrapped_callback(request, *callback_args, **callback_kwargs)
  File "/home/lab420pro/tsn/venv/lib/python3.9/site-packages/django/contrib/auth/decorators.py", line 23, in _wrapper_view
    return view_func(request, *args, **kwargs)
  File "/home/lab420pro/tsn/feedback_project/feedback_app/views.py", line 693, in upload_history
    return render(
  File "/home/lab420pro/tsn/venv/lib/python3.9/site-packages/django/shortcuts.py", line 24, in render
    content = loader.render_to_string(template_name, context, request, using=using)
  File "/home/lab420pro/tsn/venv/lib/python3.9/site-packages/django/template/loader.py", line 62, in render_to_string
    return template.render(context, request)
  File "/home/lab420pro/tsn/venv/lib/python3.9/site-packages/django/template/backends/django.py", line 61, in render
    return self.template.render(context)
  File "/home/lab420pro/tsn/venv/lib/python3.9/site-packages/django/template/base.py", line 175, in render
    return self._render(context)
  File "/home/lab420pro/tsn/venv/lib/python3.9/site-packages/django/template/base.py", line 167, in _render
    return self.nodelist.render(context)
  File "/home/lab420pro/tsn/venv/lib/python3.9/site-packages/django/template/base.py", line 1005, in render
    return SafeString("".join([node.render_annotated(context) for node in self]))
  File "/home/lab420pro/tsn/venv/lib/python3.9/site-packages/django/template/base.py", line 1005, in <listcomp>
    return SafeString("".join([node.render_annotated(context) for node in self]))
  File "/home/lab420pro/tsn/venv/lib/python3.9/site-packages/django/template/base.py", line 966, in render_annotated
    return self.render(context)
  File "/home/lab420pro/tsn/venv/lib/python3.9/site-packages/django/template/loader_tags.py", line 157, in render
    return compiled_parent._render(context)
  File "/home/lab420pro/tsn/venv/lib/python3.9/site-packages/django/template/base.py", line 167, in _render
    return self.nodelist.render(context)
  File "/home/lab420pro/tsn/venv/lib/python3.9/site-packages/django/template/base.py", line 1005, in render
    return SafeString("".join([node.render_annotated(context) for node in self]))
  File "/home/lab420pro/tsn/venv/lib/python3.9/site-packages/django/template/base.py", line 1005, in <listcomp>
    return SafeString("".join([node.render_annotated(context) for node in self]))
  File "/home/lab420pro/tsn/venv/lib/python3.9/site-packages/django/template/base.py", line 966, in render_annotated
    return self.render(context)
  File "/home/lab420pro/tsn/venv/lib/python3.9/site-packages/django/template/loader_tags.py", line 63, in render
    result = block.nodelist.render(context)
  File "/home/lab420pro/tsn/venv/lib/python3.9/site-packages/django/template/base.py", line 1005, in render
    return SafeString("".join([node.render_annotated(context) for node in self]))
  File "/home/lab420pro/tsn/venv/lib/python3.9/site-packages/django/template/base.py", line 1005, in <listcomp>
    return SafeString("".join([node.render_annotated(context) for node in self]))
  File "/home/lab420pro/tsn/venv/lib/python3.9/site-packages/django/template/base.py", line 966, in render_annotated
    return self.render(context)
  File "/home/lab420pro/tsn/venv/lib/python3.9/site-packages/django/template/defaulttags.py", line 471, in render
    url = reverse(view_name, args=args, kwargs=kwargs, current_app=current_app)
  File "/home/lab420pro/tsn/venv/lib/python3.9/site-packages/django/urls/base.py", line 88, in reverse
    return resolver._reverse_with_prefix(view, prefix, *args, **kwargs)
  File "/home/lab420pro/tsn/venv/lib/python3.9/site-packages/django/urls/resolvers.py", line 828, in _reverse_with_prefix
    raise NoReverseMatch(msg)
django.urls.exceptions.NoReverseMatch: Reverse for 'retry_document' not found. 'retry_document' is not a valid view function or pattern name.
"GET /feedback/upload_history/ HTTP/1.1" 500 170277
Internal Server Error: /feedback/upload_history/
Traceback (most recent call last):
  File "/home/lab420pro/tsn/venv/lib/python3.9/site-packages/django/core/handlers/exception.py", line 55, in inner
    response = get_response(request)
  File "/home/lab420pro/tsn/venv/lib/python3.9/site-packages/django/core/handlers/base.py", line 197, in _get_response
    response = wrapped_callback(request, *callback_args, **callback_kwargs)
  File "/home/lab420pro/tsn/venv/lib/python3.9/site-packages/django/contrib/auth/decorators.py", line 23, in _wrapper_view
    return view_func(request, *args, **kwargs)
  File "/home/lab420pro/tsn/feedback_project/feedback_app/views.py", line 693, in upload_history
    return render(
  File "/home/lab420pro/tsn/venv/lib/python3.9/site-packages/django/shortcuts.py", line 24, in render
    content = loader.render_to_string(template_name, context, request, using=using)
  File "/home/lab420pro/tsn/venv/lib/python3.9/site-packages/django/template/loader.py", line 62, in render_to_string
    return template.render(context, request)
  File "/home/lab420pro/tsn/venv/lib/python3.9/site-packages/django/template/backends/django.py", line 61, in render
    return self.template.render(context)
  File "/home/lab420pro/tsn/venv/lib/python3.9/site-packages/django/template/base.py", line 175, in render
    return self._render(context)
  File "/home/lab420pro/tsn/venv/lib/python3.9/site-packages/django/template/base.py", line 167, in _render
    return self.nodelist.render(context)
  File "/home/lab420pro/tsn/venv/lib/python3.9/site-packages/django/template/base.py", line 1005, in render
    return SafeString("".join([node.render_annotated(context) for node in self]))
  File "/home/lab420pro/tsn/venv/lib/python3.9/site-packages/django/template/base.py", line 1005, in <listcomp>
    return SafeString("".join([node.render_annotated(context) for node in self]))
  File "/home/lab420pro/tsn/venv/lib/python3.9/site-packages/django/template/base.py", line 966, in render_annotated
    return self.render(context)
  File "/home/lab420pro/tsn/venv/lib/python3.9/site-packages/django/template/loader_tags.py", line 157, in render
    return compiled_parent._render(context)
  File "/home/lab420pro/tsn/venv/lib/python3.9/site-packages/django/template/base.py", line 167, in _render
    return self.nodelist.render(context)
  File "/home/lab420pro/tsn/venv/lib/python3.9/site-packages/django/template/base.py", line 1005, in render
    return SafeString("".join([node.render_annotated(context) for node in self]))
  File "/home/lab420pro/tsn/venv/lib/python3.9/site-packages/django/template/base.py", line 1005, in <listcomp>
    return SafeString("".join([node.render_annotated(context) for node in self]))
  File "/home/lab420pro/tsn/venv/lib/python3.9/site-packages/django/template/base.py", line 966, in render_annotated
    return self.render(context)
  File "/home/lab420pro/tsn/venv/lib/python3.9/site-packages/django/template/loader_tags.py", line 63, in render
    result = block.nodelist.render(context)
  File "/home/lab420pro/tsn/venv/lib/python3.9/site-packages/django/template/base.py", line 1005, in render
    return SafeString("".join([node.render_annotated(context) for node in self]))
  File "/home/lab420pro/tsn/venv/lib/python3.9/site-packages/django/template/base.py", line 1005, in <listcomp>
    return SafeString("".join([node.render_annotated(context) for node in self]))
  File "/home/lab420pro/tsn/venv/lib/python3.9/site-packages/django/template/base.py", line 966, in render_annotated
    return self.render(context)
  File "/home/lab420pro/tsn/venv/lib/python3.9/site-packages/django/template/defaulttags.py", line 471, in render
    url = reverse(view_name, args=args, kwargs=kwargs, current_app=current_app)
  File "/home/lab420pro/tsn/venv/lib/python3.9/site-packages/django/urls/base.py", line 88, in reverse
    return resolver._reverse_with_prefix(view, prefix, *args, **kwargs)
  File "/home/lab420pro/tsn/venv/lib/python3.9/site-packages/django/urls/resolvers.py", line 828, in _reverse_with_prefix
    raise NoReverseMatch(msg)
django.urls.exceptions.NoReverseMatch: Reverse for 'retry_document' not found. 'retry_document' is not a valid view function or pattern name.
"GET /feedback/upload_history/ HTTP/1.1" 500 170153
Internal Server Error: /feedback/upload_history/
Traceback (most recent call last):
  File "/home/lab420pro/tsn/venv/lib/python3.9/site-packages/django/core/handlers/exception.py", line 55, in inner
    response = get_response(request)
  File "/home/lab420pro/tsn/venv/lib/python3.9/site-packages/django/core/handlers/base.py", line 197, in _get_response
    response = wrapped_callback(request, *callback_args, **callback_kwargs)
  File "/home/lab420pro/tsn/venv/lib/python3.9/site-packages/django/contrib/auth/decorators.py", line 23, in _wrapper_view
    return view_func(request, *args, **kwargs)
  File "/home/lab420pro/tsn/feedback_project/feedback_app/views.py", line 693, in upload_history
  File "/home/lab420pro/tsn/venv/lib/python3.9/site-packages/django/shortcuts.py", line 24, in render
    content = loader.render_to_string(template_name, context, request, using=using)
  File "/home/lab420pro/tsn/venv/lib/python3.9/site-packages/django/template/loader.py", line 62, in render_to_string
    return template.render(context, request)
  File "/home/lab420pro/tsn/venv/lib/python3.9/site-packages/django/template/backends/django.py", line 61, in render
    return self.template.render(context)
  File "/home/lab420pro/tsn/venv/lib/python3.9/site-packages/django/template/base.py", line 175, in render
    return self._render(context)
  File "/home/lab420pro/tsn/venv/lib/python3.9/site-packages/django/template/base.py", line 167, in _render
    return self.nodelist.render(context)
  File "/home/lab420pro/tsn/venv/lib/python3.9/site-packages/django/template/base.py", line 1005, in render
    return SafeString("".join([node.render_annotated(context) for node in self]))
  File "/home/lab420pro/tsn/venv/lib/python3.9/site-packages/django/template/base.py", line 1005, in <listcomp>
    return SafeString("".join([node.render_annotated(context) for node in self]))
  File "/home/lab420pro/tsn/venv/lib/python3.9/site-packages/django/template/base.py", line 966, in render_annotated
    return self.render(context)
  File "/home/lab420pro/tsn/venv/lib/python3.9/site-packages/django/template/loader_tags.py", line 157, in render
    return compiled_parent._render(context)
  File "/home/lab420pro/tsn/venv/lib/python3.9/site-packages/django/template/base.py", line 167, in _render
    return self.nodelist.render(context)
  File "/home/lab420pro/tsn/venv/lib/python3.9/site-packages/django/template/base.py", line 1005, in render
    return SafeString("".join([node.render_annotated(context) for node in self]))
  File "/home/lab420pro/tsn/venv/lib/python3.9/site-packages/django/template/base.py", line 1005, in <listcomp>
    return SafeString("".join([node.render_annotated(context) for node in self]))
  File "/home/lab420pro/tsn/venv/lib/python3.9/site-packages/django/template/base.py", line 966, in render_annotated
    return self.render(context)
  File "/home/lab420pro/tsn/venv/lib/python3.9/site-packages/django/template/loader_tags.py", line 63, in render
    result = block.nodelist.render(context)
  File "/home/lab420pro/tsn/venv/lib/python3.9/site-packages/django/template/base.py", line 1005, in render
    return SafeString("".join([node.render_annotated(context) for node in self]))
  File "/home/lab420pro/tsn/venv/lib/python3.9/site-packages/django/template/base.py", line 1005, in <listcomp>
    return SafeString("".join([node.render_annotated(context) for node in self]))
  File "/home/lab420pro/tsn/venv/lib/python3.9/site-packages/django/template/base.py", line 966, in render_annotated
    return self.render(context)
  File "/home/lab420pro/tsn/venv/lib/python3.9/site-packages/django/template/defaulttags.py", line 471, in render
    url = reverse(view_name, args=args, kwargs=kwargs, current_app=current_app)
  File "/home/lab420pro/tsn/venv/lib/python3.9/site-packages/django/urls/base.py", line 88, in reverse
    return resolver._reverse_with_prefix(view, prefix, *args, **kwargs)
  File "/home/lab420pro/tsn/venv/lib/python3.9/site-packages/django/urls/resolvers.py", line 828, in _reverse_with_prefix
    raise NoReverseMatch(msg)
django.urls.exceptions.NoReverseMatch: Reverse for 'retry_document' not found. 'retry_document' is not a valid view function or pattern name.
Internal Server Error: /adminpanel/performance/dashboard/
Traceback (most recent call last):
  File "/home/lab420pro/tsn/venv/lib/python3.9/site-packages/django/core/handlers/exception.py", line 55, in inner
    response = get_response(request)
  File "/home/lab420pro/tsn/venv/lib/python3.9/site-packages/django/core/handlers/base.py", line 197, in _get_response
    response = wrapped_callback(request, *callback_args, **callback_kwargs)
  File "/home/lab420pro/tsn/venv/lib/python3.9/site-packages/django/contrib/auth/decorators.py", line 23, in _wrapper_view
    return view_func(request, *args, **kwargs)
  File "/home/lab420pro/tsn/feedback_project/adminpanel/views.py", line 416, in performance_dashboard
    current_period = EvaluationPeriod.objects.filter(is_current=True).first()
  File "/home/lab420pro/tsn/venv/lib/python3.9/site-packages/django/db/models/manager.py", line 87, in manager_method
    return getattr(self.get_queryset(), name)(*args, **kwargs)
  File "/home/lab420pro/tsn/venv/lib/python3.9/site-packages/django/db/models/query.py", line 1436, in filter
    return self._filter_or_exclude(False, args, kwargs)
  File "/home/lab420pro/tsn/venv/lib/python3.9/site-packages/django/db/models/query.py", line 1454, in _filter_or_exclude
    clone._filter_or_exclude_inplace(negate, args, kwargs)
  File "/home/lab420pro/tsn/venv/lib/python3.9/site-packages/django/db/models/query.py", line 1461, in _filter_or_exclude_inplace
    self._query.add_q(Q(*args, **kwargs))
  File "/home/lab420pro/tsn/venv/lib/python3.9/site-packages/django/db/models/sql/query.py", line 1546, in add_q
    clause, _ = self._add_q(q_object, self.used_aliases)
  File "/home/lab420pro/tsn/venv/lib/python3.9/site-packages/django/db/models/sql/query.py", line 1577, in _add_q
    child_clause, needed_inner = self.build_filter(
  File "/home/lab420pro/tsn/venv/lib/python3.9/site-packages/django/db/models/sql/query.py", line 1427, in build_filter
    lookups, parts, reffed_expression = self.solve_lookup_type(arg, summarize)
  File "/home/lab420pro/tsn/venv/lib/python3.9/site-packages/django/db/models/sql/query.py", line 1237, in solve_lookup_type
    _, field, _, lookup_parts = self.names_to_path(lookup_splitted, self.get_meta())
  File "/home/lab420pro/tsn/venv/lib/python3.9/site-packages/django/db/models/sql/query.py", line 1725, in names_to_path
    raise FieldError(
django.core.exceptions.FieldError: Cannot resolve keyword 'is_current' into field. Choices are: created_at, end_date, id, is_active, name, performances, start_date
"GET /adminpanel/performance/dashboard/ HTTP/1.1" 500 117037
Internal Server Error: /adminpanel/performance/activity-report/
Traceback (most recent call last):
  File "/home/lab420pro/tsn/venv/lib/python3.9/site-packages/django/core/handlers/exception.py", line 55, in inner
    response = get_response(request)
  File "/home/lab420pro/tsn/venv/lib/python3.9/site-packages/django/core/handlers/base.py", line 197, in _get_response
    response = wrapped_callback(request, *callback_args, **callback_kwargs)
  File "/home/lab420pro/tsn/venv/lib/python3.9/site-packages/django/contrib/auth/decorators.py", line 23, in _wrapper_view
    return view_func(request, *args, **kwargs)
  File "/home/lab420pro/tsn/feedback_project/adminpanel/views.py", line 468, in employee_activity_report
    current_period = periods.filter(is_current=True).first()
  File "/home/lab420pro/tsn/venv/lib/python3.9/site-packages/django/db/models/query.py", line 1436, in filter
    return self._filter_or_exclude(False, args, kwargs)
  File "/home/lab420pro/tsn/venv/lib/python3.9/site-packages/django/db/models/query.py", line 1454, in _filter_or_exclude
    clone._filter_or_exclude_inplace(negate, args, kwargs)
  File "/home/lab420pro/tsn/venv/lib/python3.9/site-packages/django/db/models/query.py", line 1461, in _filter_or_exclude_inplace
    self._query.add_q(Q(*args, **kwargs))
  File "/home/lab420pro/tsn/venv/lib/python3.9/site-packages/django/db/models/sql/query.py", line 1546, in add_q
    clause, _ = self._add_q(q_object, self.used_aliases)
  File "/home/lab420pro/tsn/venv/lib/python3.9/site-packages/django/db/models/sql/query.py", line 1577, in _add_q
    child_clause, needed_inner = self.build_filter(
  File "/home/lab420pro/tsn/venv/lib/python3.9/site-packages/django/db/models/sql/query.py", line 1427, in build_filter
    lookups, parts, reffed_expression = self.solve_lookup_type(arg, summarize)
  File "/home/lab420pro/tsn/venv/lib/python3.9/site-packages/django/db/models/sql/query.py", line 1237, in solve_lookup_type
    _, field, _, lookup_parts = self.names_to_path(lookup_splitted, self.get_meta())
  File "/home/lab420pro/tsn/venv/lib/python3.9/site-packages/django/db/models/sql/query.py", line 1725, in names_to_path
    raise FieldError(
django.core.exceptions.FieldError: Cannot resolve keyword 'is_current' into field. Choices are: created_at, end_date, id, is_active, name, performances, start_date
"GET /adminpanel/performance/activity-report/ HTTP/1.1" 500 113467
Internal Server Error: /adminpanel/performance/create/
Traceback (most recent call last):
  File "/home/lab420pro/tsn/venv/lib/python3.9/site-packages/django/core/handlers/exception.py", line 55, in inner
    response = get_response(request)
  File "/home/lab420pro/tsn/venv/lib/python3.9/site-packages/django/core/handlers/base.py", line 197, in _get_response
    response = wrapped_callback(request, *callback_args, **callback_kwargs)
  File "/home/lab420pro/tsn/venv/lib/python3.9/site-packages/django/contrib/auth/decorators.py", line 23, in _wrapper_view
    return view_func(request, *args, **kwargs)
  File "/home/lab420pro/tsn/feedback_project/adminpanel/views.py", line 410, in performance_create
    return render(request, 'adminpanel/performance_create.html', context)
  File "/home/lab420pro/tsn/venv/lib/python3.9/site-packages/django/shortcuts.py", line 24, in render
    content = loader.render_to_string(template_name, context, request, using=using)
  File "/home/lab420pro/tsn/venv/lib/python3.9/site-packages/django/template/loader.py", line 61, in render_to_string
    template = get_template(template_name, using=using)
  File "/home/lab420pro/tsn/venv/lib/python3.9/site-packages/django/template/loader.py", line 19, in get_template
    raise TemplateDoesNotExist(template_name, chain=chain)
django.template.exceptions.TemplateDoesNotExist: adminpanel/performance_create.html
"GET /adminpanel/performance/create/ HTTP/1.1" 500 93244
Internal Server Error: /adminpanel/performance/
Traceback (most recent call last):
  File "/home/lab420pro/tsn/venv/lib/python3.9/site-packages/django/core/handlers/exception.py", line 55, in inner
    response = get_response(request)
  File "/home/lab420pro/tsn/venv/lib/python3.9/site-packages/django/core/handlers/base.py", line 197, in _get_response
    response = wrapped_callback(request, *callback_args, **callback_kwargs)
  File "/home/lab420pro/tsn/venv/lib/python3.9/site-packages/django/contrib/auth/decorators.py", line 23, in _wrapper_view
    return view_func(request, *args, **kwargs)
  File "/home/lab420pro/tsn/feedback_project/adminpanel/views.py", line 171, in performance_list
    current_period = periods.filter(is_current=True).first()
  File "/home/lab420pro/tsn/venv/lib/python3.9/site-packages/django/db/models/query.py", line 1436, in filter
    return self._filter_or_exclude(False, args, kwargs)
  File "/home/lab420pro/tsn/venv/lib/python3.9/site-packages/django/db/models/query.py", line 1454, in _filter_or_exclude
    clone._filter_or_exclude_inplace(negate, args, kwargs)
  File "/home/lab420pro/tsn/venv/lib/python3.9/site-packages/django/db/models/query.py", line 1461, in _filter_or_exclude_inplace
    self._query.add_q(Q(*args, **kwargs))
  File "/home/lab420pro/tsn/venv/lib/python3.9/site-packages/django/db/models/sql/query.py", line 1546, in add_q
    clause, _ = self._add_q(q_object, self.used_aliases)
  File "/home/lab420pro/tsn/venv/lib/python3.9/site-packages/django/db/models/sql/query.py", line 1577, in _add_q
    child_clause, needed_inner = self.build_filter(
  File "/home/lab420pro/tsn/venv/lib/python3.9/site-packages/django/db/models/sql/query.py", line 1427, in build_filter
    lookups, parts, reffed_expression = self.solve_lookup_type(arg, summarize)
  File "/home/lab420pro/tsn/venv/lib/python3.9/site-packages/django/db/models/sql/query.py", line 1237, in solve_lookup_type
    _, field, _, lookup_parts = self.names_to_path(lookup_splitted, self.get_meta())
  File "/home/lab420pro/tsn/venv/lib/python3.9/site-packages/django/db/models/sql/query.py", line 1725, in names_to_path
    raise FieldError(
django.core.exceptions.FieldError: Cannot resolve keyword 'is_current' into field. Choices are: created_at, end_date, id, is_active, name, performances, start_date
"GET /adminpanel/performance/ HTTP/1.1" 500 113460
Internal Server Error: /adminpanel/performance/dashboard/
Traceback (most recent call last):
  File "/home/lab420pro/tsn/venv/lib/python3.9/site-packages/django/core/handlers/exception.py", line 55, in inner
    response = get_response(request)
  File "/home/lab420pro/tsn/venv/lib/python3.9/site-packages/django/core/handlers/base.py", line 197, in _get_response
    response = wrapped_callback(request, *callback_args, **callback_kwargs)
  File "/home/lab420pro/tsn/venv/lib/python3.9/site-packages/django/contrib/auth/decorators.py", line 23, in _wrapper_view
    return view_func(request, *args, **kwargs)
  File "/home/lab420pro/tsn/feedback_project/adminpanel/views.py", line 416, in performance_dashboard
    current_period = EvaluationPeriod.objects.filter(is_current=True).first()
  File "/home/lab420pro/tsn/venv/lib/python3.9/site-packages/django/db/models/manager.py", line 87, in manager_method
    return getattr(self.get_queryset(), name)(*args, **kwargs)
  File "/home/lab420pro/tsn/venv/lib/python3.9/site-packages/django/db/models/query.py", line 1436, in filter
    return self._filter_or_exclude(False, args, kwargs)
  File "/home/lab420pro/tsn/venv/lib/python3.9/site-packages/django/db/models/query.py", line 1454, in _filter_or_exclude
    clone._filter_or_exclude_inplace(negate, args, kwargs)
  File "/home/lab420pro/tsn/venv/lib/python3.9/site-packages/django/db/models/query.py", line 1461, in _filter_or_exclude_inplace
    self._query.add_q(Q(*args, **kwargs))
  File "/home/lab420pro/tsn/venv/lib/python3.9/site-packages/django/db/models/sql/query.py", line 1546, in add_q
    clause, _ = self._add_q(q_object, self.used_aliases)
  File "/home/lab420pro/tsn/venv/lib/python3.9/site-packages/django/db/models/sql/query.py", line 1577, in _add_q
    child_clause, needed_inner = self.build_filter(
  File "/home/lab420pro/tsn/venv/lib/python3.9/site-packages/django/db/models/sql/query.py", line 1427, in build_filter
    lookups, parts, reffed_expression = self.solve_lookup_type(arg, summarize)
  File "/home/lab420pro/tsn/venv/lib/python3.9/site-packages/django/db/models/sql/query.py", line 1237, in solve_lookup_type
    _, field, _, lookup_parts = self.names_to_path(lookup_splitted, self.get_meta())
  File "/home/lab420pro/tsn/venv/lib/python3.9/site-packages/django/db/models/sql/query.py", line 1725, in names_to_path
    raise FieldError(
django.core.exceptions.FieldError: Cannot resolve keyword 'is_current' into field. Choices are: created_at, end_date, id, is_active, name, performances, start_date
"GET /adminpanel/performance/dashboard/ HTTP/1.1" 500 117877
Internal Server Error: /adminpanel/performance/
Traceback (most recent call last):
  File "/home/lab420pro/tsn/venv/lib/python3.9/site-packages/django/core/handlers/exception.py", line 55, in inner
    response = get_response(request)
  File "/home/lab420pro/tsn/venv/lib/python3.9/site-packages/django/core/handlers/base.py", line 197, in _get_response
    response = wrapped_callback(request, *callback_args, **callback_kwargs)
  File "/home/lab420pro/tsn/venv/lib/python3.9/site-packages/django/contrib/auth/decorators.py", line 23, in _wrapper_view
    return view_func(request, *args, **kwargs)
  File "/home/lab420pro/tsn/feedback_project/adminpanel/views.py", line 171, in performance_list
    current_period = periods.filter(is_current=True).first()
  File "/home/lab420pro/tsn/venv/lib/python3.9/site-packages/django/db/models/query.py", line 1436, in filter
    return self._filter_or_exclude(False, args, kwargs)
  File "/home/lab420pro/tsn/venv/lib/python3.9/site-packages/django/db/models/query.py", line 1454, in _filter_or_exclude
    clone._filter_or_exclude_inplace(negate, args, kwargs)
  File "/home/lab420pro/tsn/venv/lib/python3.9/site-packages/django/db/models/query.py", line 1461, in _filter_or_exclude_inplace
    self._query.add_q(Q(*args, **kwargs))
  File "/home/lab420pro/tsn/venv/lib/python3.9/site-packages/django/db/models/sql/query.py", line 1546, in add_q
    clause, _ = self._add_q(q_object, self.used_aliases)
  File "/home/lab420pro/tsn/venv/lib/python3.9/site-packages/django/db/models/sql/query.py", line 1577, in _add_q
    child_clause, needed_inner = self.build_filter(
  File "/home/lab420pro/tsn/venv/lib/python3.9/site-packages/django/db/models/sql/query.py", line 1427, in build_filter
    lookups, parts, reffed_expression = self.solve_lookup_type(arg, summarize)
  File "/home/lab420pro/tsn/venv/lib/python3.9/site-packages/django/db/models/sql/query.py", line 1237, in solve_lookup_type
    _, field, _, lookup_parts = self.names_to_path(lookup_splitted, self.get_meta())
  File "/home/lab420pro/tsn/venv/lib/python3.9/site-packages/django/db/models/sql/query.py", line 1725, in names_to_path
    raise FieldError(
django.core.exceptions.FieldError: Cannot resolve keyword 'is_current' into field. Choices are: created_at, end_date, id, is_active, name, performances, start_date
"GET /adminpanel/performance/ HTTP/1.1" 500 113808
Internal Server Error: /adminpanel/performance/dashboard/
Traceback (most recent call last):
  File "/home/lab420pro/tsn/venv/lib/python3.9/site-packages/django/core/handlers/exception.py", line 55, in inner
    response = get_response(request)
  File "/home/lab420pro/tsn/venv/lib/python3.9/site-packages/django/core/handlers/base.py", line 197, in _get_response
    response = wrapped_callback(request, *callback_args, **callback_kwargs)
  File "/home/lab420pro/tsn/venv/lib/python3.9/site-packages/django/contrib/auth/decorators.py", line 23, in _wrapper_view
    return view_func(request, *args, **kwargs)
  File "/home/lab420pro/tsn/feedback_project/adminpanel/views.py", line 416, in performance_dashboard
    current_period = EvaluationPeriod.objects.filter(is_current=True).first()
  File "/home/lab420pro/tsn/venv/lib/python3.9/site-packages/django/db/models/manager.py", line 87, in manager_method
    return getattr(self.get_queryset(), name)(*args, **kwargs)
  File "/home/lab420pro/tsn/venv/lib/python3.9/site-packages/django/db/models/query.py", line 1436, in filter
    return self._filter_or_exclude(False, args, kwargs)
  File "/home/lab420pro/tsn/venv/lib/python3.9/site-packages/django/db/models/query.py", line 1454, in _filter_or_exclude
    clone._filter_or_exclude_inplace(negate, args, kwargs)
  File "/home/lab420pro/tsn/venv/lib/python3.9/site-packages/django/db/models/query.py", line 1461, in _filter_or_exclude_inplace
    self._query.add_q(Q(*args, **kwargs))
  File "/home/lab420pro/tsn/venv/lib/python3.9/site-packages/django/db/models/sql/query.py", line 1546, in add_q
    clause, _ = self._add_q(q_object, self.used_aliases)
  File "/home/lab420pro/tsn/venv/lib/python3.9/site-packages/django/db/models/sql/query.py", line 1577, in _add_q
    child_clause, needed_inner = self.build_filter(
  File "/home/lab420pro/tsn/venv/lib/python3.9/site-packages/django/db/models/sql/query.py", line 1427, in build_filter
    lookups, parts, reffed_expression = self.solve_lookup_type(arg, summarize)
  File "/home/lab420pro/tsn/venv/lib/python3.9/site-packages/django/db/models/sql/query.py", line 1237, in solve_lookup_type
    _, field, _, lookup_parts = self.names_to_path(lookup_splitted, self.get_meta())
  File "/home/lab420pro/tsn/venv/lib/python3.9/site-packages/django/db/models/sql/query.py", line 1725, in names_to_path
    raise FieldError(
django.core.exceptions.FieldError: Cannot resolve keyword 'is_current' into field. Choices are: created_at, end_date, id, is_active, name, performances, start_date
"GET /adminpanel/performance/dashboard/ HTTP/1.1" 500 117385
Internal Server Error: /adminpanel/users/
Traceback (most recent call last):
  File "/home/lab420pro/tsn/venv/lib/python3.9/site-packages/django/core/handlers/exception.py", line 55, in inner
    response = get_response(request)
  File "/home/lab420pro/tsn/venv/lib/python3.9/site-packages/django/core/handlers/base.py", line 197, in _get_response
    response = wrapped_callback(request, *callback_args, **callback_kwargs)
  File "/home/lab420pro/tsn/venv/lib/python3.9/site-packages/django/contrib/auth/decorators.py", line 23, in _wrapper_view
    return view_func(request, *args, **kwargs)
  File "/home/lab420pro/tsn/feedback_project/adminpanel/views.py", line 30, in user_list
  File "/home/lab420pro/tsn/venv/lib/python3.9/site-packages/django/shortcuts.py", line 24, in render
    content = loader.render_to_string(template_name, context, request, using=using)
  File "/home/lab420pro/tsn/venv/lib/python3.9/site-packages/django/template/loader.py", line 62, in render_to_string
    return template.render(context, request)
  File "/home/lab420pro/tsn/venv/lib/python3.9/site-packages/django/template/backends/django.py", line 61, in render
    return self.template.render(context)
  File "/home/lab420pro/tsn/venv/lib/python3.9/site-packages/django/template/base.py", line 175, in render
    return self._render(context)
  File "/home/lab420pro/tsn/venv/lib/python3.9/site-packages/django/template/base.py", line 167, in _render
    return self.nodelist.render(context)
  File "/home/lab420pro/tsn/venv/lib/python3.9/site-packages/django/template/base.py", line 1005, in render
    return SafeString("".join([node.render_annotated(context) for node in self]))
  File "/home/lab420pro/tsn/venv/lib/python3.9/site-packages/django/template/base.py", line 1005, in <listcomp>
    return SafeString("".join([node.render_annotated(context) for node in self]))
  File "/home/lab420pro/tsn/venv/lib/python3.9/site-packages/django/template/base.py", line 966, in render_annotated
    return self.render(context)
  File "/home/lab420pro/tsn/venv/lib/python3.9/site-packages/django/template/loader_tags.py", line 157, in render
    return compiled_parent._render(context)
  File "/home/lab420pro/tsn/venv/lib/python3.9/site-packages/django/template/base.py", line 167, in _render
    return self.nodelist.render(context)
  File "/home/lab420pro/tsn/venv/lib/python3.9/site-packages/django/template/base.py", line 1005, in render
    return SafeString("".join([node.render_annotated(context) for node in self]))
  File "/home/lab420pro/tsn/venv/lib/python3.9/site-packages/django/template/base.py", line 1005, in <listcomp>
    return SafeString("".join([node.render_annotated(context) for node in self]))
  File "/home/lab420pro/tsn/venv/lib/python3.9/site-packages/django/template/base.py", line 966, in render_annotated
    return self.render(context)
  File "/home/lab420pro/tsn/venv/lib/python3.9/site-packages/django/template/defaulttags.py", line 471, in render
    url = reverse(view_name, args=args, kwargs=kwargs, current_app=current_app)
  File "/home/lab420pro/tsn/venv/lib/python3.9/site-packages/django/urls/base.py", line 88, in reverse
    return resolver._reverse_with_prefix(view, prefix, *args, **kwargs)
  File "/home/lab420pro/tsn/venv/lib/python3.9/site-packages/django/urls/resolvers.py", line 828, in _reverse_with_prefix
    raise NoReverseMatch(msg)
django.urls.exceptions.NoReverseMatch: Reverse for 'performance_dashboard' not found. 'performance_dashboard' is not a valid view function or pattern name.
Internal Server Error: /adminpanel/dashboard/
Traceback (most recent call last):
  File "/home/lab420pro/tsn/venv/lib/python3.9/site-packages/django/core/handlers/exception.py", line 55, in inner
    response = get_response(request)
  File "/home/lab420pro/tsn/venv/lib/python3.9/site-packages/django/core/handlers/base.py", line 197, in _get_response
    response = wrapped_callback(request, *callback_args, **callback_kwargs)
  File "/home/lab420pro/tsn/venv/lib/python3.9/site-packages/django/contrib/auth/decorators.py", line 23, in _wrapper_view
    return view_func(request, *args, **kwargs)
  File "/home/lab420pro/tsn/feedback_project/adminpanel/views.py", line 21, in admin_dashboard
  File "/home/lab420pro/tsn/venv/lib/python3.9/site-packages/django/shortcuts.py", line 24, in render
    content = loader.render_to_string(template_name, context, request, using=using)
  File "/home/lab420pro/tsn/venv/lib/python3.9/site-packages/django/template/loader.py", line 62, in render_to_string
    return template.render(context, request)
  File "/home/lab420pro/tsn/venv/lib/python3.9/site-packages/django/template/backends/django.py", line 61, in render
    return self.template.render(context)
  File "/home/lab420pro/tsn/venv/lib/python3.9/site-packages/django/template/base.py", line 175, in render
    return self._render(context)
  File "/home/lab420pro/tsn/venv/lib/python3.9/site-packages/django/template/base.py", line 167, in _render
    return self.nodelist.render(context)
  File "/home/lab420pro/tsn/venv/lib/python3.9/site-packages/django/template/base.py", line 1005, in render
    return SafeString("".join([node.render_annotated(context) for node in self]))
  File "/home/lab420pro/tsn/venv/lib/python3.9/site-packages/django/template/base.py", line 1005, in <listcomp>
    return SafeString("".join([node.render_annotated(context) for node in self]))
  File "/home/lab420pro/tsn/venv/lib/python3.9/site-packages/django/template/base.py", line 966, in render_annotated
    return self.render(context)
  File "/home/lab420pro/tsn/venv/lib/python3.9/site-packages/django/template/loader_tags.py", line 157, in render
    return compiled_parent._render(context)
  File "/home/lab420pro/tsn/venv/lib/python3.9/site-packages/django/template/base.py", line 167, in _render
    return self.nodelist.render(context)
  File "/home/lab420pro/tsn/venv/lib/python3.9/site-packages/django/template/base.py", line 1005, in render
    return SafeString("".join([node.render_annotated(context) for node in self]))
  File "/home/lab420pro/tsn/venv/lib/python3.9/site-packages/django/template/base.py", line 1005, in <listcomp>
    return SafeString("".join([node.render_annotated(context) for node in self]))
  File "/home/lab420pro/tsn/venv/lib/python3.9/site-packages/django/template/base.py", line 966, in render_annotated
    return self.render(context)
  File "/home/lab420pro/tsn/venv/lib/python3.9/site-packages/django/template/defaulttags.py", line 471, in render
    url = reverse(view_name, args=args, kwargs=kwargs, current_app=current_app)
  File "/home/lab420pro/tsn/venv/lib/python3.9/site-packages/django/urls/base.py", line 88, in reverse
    return resolver._reverse_with_prefix(view, prefix, *args, **kwargs)
  File "/home/lab420pro/tsn/venv/lib/python3.9/site-packages/django/urls/resolvers.py", line 828, in _reverse_with_prefix
    raise NoReverseMatch(msg)
django.urls.exceptions.NoReverseMatch: Reverse for 'performance_dashboard' not found. 'performance_dashboard' is not a valid view function or pattern name.
Internal Server Error: /adminpanel/dashboard/
Traceback (most recent call last):
  File "/home/lab420pro/tsn/venv/lib/python3.9/site-packages/django/core/handlers/exception.py", line 55, in inner
    response = get_response(request)
  File "/home/lab420pro/tsn/venv/lib/python3.9/site-packages/django/core/handlers/base.py", line 197, in _get_response
    response = wrapped_callback(request, *callback_args, **callback_kwargs)
  File "/home/lab420pro/tsn/venv/lib/python3.9/site-packages/django/contrib/auth/decorators.py", line 23, in _wrapper_view
    return view_func(request, *args, **kwargs)
  File "/home/lab420pro/tsn/feedback_project/adminpanel/views.py", line 21, in admin_dashboard
  File "/home/lab420pro/tsn/venv/lib/python3.9/site-packages/django/shortcuts.py", line 24, in render
    content = loader.render_to_string(template_name, context, request, using=using)
  File "/home/lab420pro/tsn/venv/lib/python3.9/site-packages/django/template/loader.py", line 62, in render_to_string
    return template.render(context, request)
  File "/home/lab420pro/tsn/venv/lib/python3.9/site-packages/django/template/backends/django.py", line 61, in render
    return self.template.render(context)
  File "/home/lab420pro/tsn/venv/lib/python3.9/site-packages/django/template/base.py", line 175, in render
    return self._render(context)
  File "/home/lab420pro/tsn/venv/lib/python3.9/site-packages/django/template/base.py", line 167, in _render
    return self.nodelist.render(context)
  File "/home/lab420pro/tsn/venv/lib/python3.9/site-packages/django/template/base.py", line 1005, in render
    return SafeString("".join([node.render_annotated(context) for node in self]))
  File "/home/lab420pro/tsn/venv/lib/python3.9/site-packages/django/template/base.py", line 1005, in <listcomp>
    return SafeString("".join([node.render_annotated(context) for node in self]))
  File "/home/lab420pro/tsn/venv/lib/python3.9/site-packages/django/template/base.py", line 966, in render_annotated
    return self.render(context)
  File "/home/lab420pro/tsn/venv/lib/python3.9/site-packages/django/template/loader_tags.py", line 157, in render
    return compiled_parent._render(context)
  File "/home/lab420pro/tsn/venv/lib/python3.9/site-packages/django/template/base.py", line 167, in _render
    return self.nodelist.render(context)
  File "/home/lab420pro/tsn/venv/lib/python3.9/site-packages/django/template/base.py", line 1005, in render
    return SafeString("".join([node.render_annotated(context) for node in self]))
  File "/home/lab420pro/tsn/venv/lib/python3.9/site-packages/django/template/base.py", line 1005, in <listcomp>
    return SafeString("".join([node.render_annotated(context) for node in self]))
  File "/home/lab420pro/tsn/venv/lib/python3.9/site-packages/django/template/base.py", line 966, in render_annotated
    return self.render(context)
  File "/home/lab420pro/tsn/venv/lib/python3.9/site-packages/django/template/defaulttags.py", line 471, in render
    url = reverse(view_name, args=args, kwargs=kwargs, current_app=current_app)
  File "/home/lab420pro/tsn/venv/lib/python3.9/site-packages/django/urls/base.py", line 88, in reverse
    return resolver._reverse_with_prefix(view, prefix, *args, **kwargs)
  File "/home/lab420pro/tsn/venv/lib/python3.9/site-packages/django/urls/resolvers.py", line 828, in _reverse_with_prefix
    raise NoReverseMatch(msg)
django.urls.exceptions.NoReverseMatch: Reverse for 'performance_dashboard' not found. 'performance_dashboard' is not a valid view function or pattern name.
Internal Server Error: /adminpanel/dashboard/
Traceback (most recent call last):
  File "/home/lab420pro/tsn/venv/lib/python3.9/site-packages/django/core/handlers/exception.py", line 55, in inner
    response = get_response(request)
  File "/home/lab420pro/tsn/venv/lib/python3.9/site-packages/django/core/handlers/base.py", line 197, in _get_response
    response = wrapped_callback(request, *callback_args, **callback_kwargs)
  File "/home/lab420pro/tsn/venv/lib/python3.9/site-packages/django/contrib/auth/decorators.py", line 23, in _wrapper_view
    return view_func(request, *args, **kwargs)
  File "/home/lab420pro/tsn/feedback_project/adminpanel/views.py", line 21, in admin_dashboard
  File "/home/lab420pro/tsn/venv/lib/python3.9/site-packages/django/shortcuts.py", line 24, in render
    content = loader.render_to_string(template_name, context, request, using=using)
  File "/home/lab420pro/tsn/venv/lib/python3.9/site-packages/django/template/loader.py", line 62, in render_to_string
    return template.render(context, request)
  File "/home/lab420pro/tsn/venv/lib/python3.9/site-packages/django/template/backends/django.py", line 61, in render
    return self.template.render(context)
  File "/home/lab420pro/tsn/venv/lib/python3.9/site-packages/django/template/base.py", line 175, in render
    return self._render(context)
  File "/home/lab420pro/tsn/venv/lib/python3.9/site-packages/django/template/base.py", line 167, in _render
    return self.nodelist.render(context)
  File "/home/lab420pro/tsn/venv/lib/python3.9/site-packages/django/template/base.py", line 1005, in render
    return SafeString("".join([node.render_annotated(context) for node in self]))
  File "/home/lab420pro/tsn/venv/lib/python3.9/site-packages/django/template/base.py", line 1005, in <listcomp>
    return SafeString("".join([node.render_annotated(context) for node in self]))
  File "/home/lab420pro/tsn/venv/lib/python3.9/site-packages/django/template/base.py", line 966, in render_annotated
    return self.render(context)
  File "/home/lab420pro/tsn/venv/lib/python3.9/site-packages/django/template/loader_tags.py", line 157, in render
    return compiled_parent._render(context)
  File "/home/lab420pro/tsn/venv/lib/python3.9/site-packages/django/template/base.py", line 167, in _render
    return self.nodelist.render(context)
  File "/home/lab420pro/tsn/venv/lib/python3.9/site-packages/django/template/base.py", line 1005, in render
    return SafeString("".join([node.render_annotated(context) for node in self]))
  File "/home/lab420pro/tsn/venv/lib/python3.9/site-packages/django/template/base.py", line 1005, in <listcomp>
    return SafeString("".join([node.render_annotated(context) for node in self]))
  File "/home/lab420pro/tsn/venv/lib/python3.9/site-packages/django/template/base.py", line 966, in render_annotated
    return self.render(context)
  File "/home/lab420pro/tsn/venv/lib/python3.9/site-packages/django/template/defaulttags.py", line 471, in render
    url = reverse(view_name, args=args, kwargs=kwargs, current_app=current_app)
  File "/home/lab420pro/tsn/venv/lib/python3.9/site-packages/django/urls/base.py", line 88, in reverse
    return resolver._reverse_with_prefix(view, prefix, *args, **kwargs)
  File "/home/lab420pro/tsn/venv/lib/python3.9/site-packages/django/urls/resolvers.py", line 828, in _reverse_with_prefix
    raise NoReverseMatch(msg)
django.urls.exceptions.NoReverseMatch: Reverse for 'performance_dashboard' not found. 'performance_dashboard' is not a valid view function or pattern name.
Internal Server Error: /adminpanel/dashboard/
Traceback (most recent call last):
  File "/home/lab420pro/tsn/venv/lib/python3.9/site-packages/django/core/handlers/exception.py", line 55, in inner
    response = get_response(request)
  File "/home/lab420pro/tsn/venv/lib/python3.9/site-packages/django/core/handlers/base.py", line 197, in _get_response
    response = wrapped_callback(request, *callback_args, **callback_kwargs)
  File "/home/lab420pro/tsn/venv/lib/python3.9/site-packages/django/contrib/auth/decorators.py", line 23, in _wrapper_view
    return view_func(request, *args, **kwargs)
  File "/home/lab420pro/tsn/feedback_project/adminpanel/views.py", line 21, in admin_dashboard
  File "/home/lab420pro/tsn/venv/lib/python3.9/site-packages/django/shortcuts.py", line 24, in render
    content = loader.render_to_string(template_name, context, request, using=using)
  File "/home/lab420pro/tsn/venv/lib/python3.9/site-packages/django/template/loader.py", line 62, in render_to_string
    return template.render(context, request)
  File "/home/lab420pro/tsn/venv/lib/python3.9/site-packages/django/template/backends/django.py", line 61, in render
    return self.template.render(context)
  File "/home/lab420pro/tsn/venv/lib/python3.9/site-packages/django/template/base.py", line 175, in render
    return self._render(context)
  File "/home/lab420pro/tsn/venv/lib/python3.9/site-packages/django/template/base.py", line 167, in _render
    return self.nodelist.render(context)
  File "/home/lab420pro/tsn/venv/lib/python3.9/site-packages/django/template/base.py", line 1005, in render
    return SafeString("".join([node.render_annotated(context) for node in self]))
  File "/home/lab420pro/tsn/venv/lib/python3.9/site-packages/django/template/base.py", line 1005, in <listcomp>
    return SafeString("".join([node.render_annotated(context) for node in self]))
  File "/home/lab420pro/tsn/venv/lib/python3.9/site-packages/django/template/base.py", line 966, in render_annotated
    return self.render(context)
  File "/home/lab420pro/tsn/venv/lib/python3.9/site-packages/django/template/loader_tags.py", line 157, in render
    return compiled_parent._render(context)
  File "/home/lab420pro/tsn/venv/lib/python3.9/site-packages/django/template/base.py", line 167, in _render
    return self.nodelist.render(context)
  File "/home/lab420pro/tsn/venv/lib/python3.9/site-packages/django/template/base.py", line 1005, in render
    return SafeString("".join([node.render_annotated(context) for node in self]))
  File "/home/lab420pro/tsn/venv/lib/python3.9/site-packages/django/template/base.py", line 1005, in <listcomp>
    return SafeString("".join([node.render_annotated(context) for node in self]))
  File "/home/lab420pro/tsn/venv/lib/python3.9/site-packages/django/template/base.py", line 966, in render_annotated
    return self.render(context)
  File "/home/lab420pro/tsn/venv/lib/python3.9/site-packages/django/template/defaulttags.py", line 471, in render
    url = reverse(view_name, args=args, kwargs=kwargs, current_app=current_app)
  File "/home/lab420pro/tsn/venv/lib/python3.9/site-packages/django/urls/base.py", line 88, in reverse
    return resolver._reverse_with_prefix(view, prefix, *args, **kwargs)
  File "/home/lab420pro/tsn/venv/lib/python3.9/site-packages/django/urls/resolvers.py", line 828, in _reverse_with_prefix
    raise NoReverseMatch(msg)
django.urls.exceptions.NoReverseMatch: Reverse for 'performance_dashboard' not found. 'performance_dashboard' is not a valid view function or pattern name.
Internal Server Error: /adminpanel/performance/dashboard/
Traceback (most recent call last):
  File "/home/lab420pro/tsn/venv/lib/python3.9/site-packages/django/core/handlers/exception.py", line 55, in inner
    response = get_response(request)
  File "/home/lab420pro/tsn/venv/lib/python3.9/site-packages/django/core/handlers/base.py", line 197, in _get_response
    response = wrapped_callback(request, *callback_args, **callback_kwargs)
  File "/home/lab420pro/tsn/venv/lib/python3.9/site-packages/django/contrib/auth/decorators.py", line 23, in _wrapper_view
    return view_func(request, *args, **kwargs)
  File "/home/lab420pro/tsn/feedback_project/adminpanel/views.py", line 416, in performance_dashboard
    current_period = EvaluationPeriod.objects.filter(is_current=True).first()
  File "/home/lab420pro/tsn/venv/lib/python3.9/site-packages/django/db/models/manager.py", line 87, in manager_method
    return getattr(self.get_queryset(), name)(*args, **kwargs)
  File "/home/lab420pro/tsn/venv/lib/python3.9/site-packages/django/db/models/query.py", line 1436, in filter
    return self._filter_or_exclude(False, args, kwargs)
  File "/home/lab420pro/tsn/venv/lib/python3.9/site-packages/django/db/models/query.py", line 1454, in _filter_or_exclude
    clone._filter_or_exclude_inplace(negate, args, kwargs)
  File "/home/lab420pro/tsn/venv/lib/python3.9/site-packages/django/db/models/query.py", line 1461, in _filter_or_exclude_inplace
    self._query.add_q(Q(*args, **kwargs))
  File "/home/lab420pro/tsn/venv/lib/python3.9/site-packages/django/db/models/sql/query.py", line 1546, in add_q
    clause, _ = self._add_q(q_object, self.used_aliases)
  File "/home/lab420pro/tsn/venv/lib/python3.9/site-packages/django/db/models/sql/query.py", line 1577, in _add_q
    child_clause, needed_inner = self.build_filter(
  File "/home/lab420pro/tsn/venv/lib/python3.9/site-packages/django/db/models/sql/query.py", line 1427, in build_filter
    lookups, parts, reffed_expression = self.solve_lookup_type(arg, summarize)
  File "/home/lab420pro/tsn/venv/lib/python3.9/site-packages/django/db/models/sql/query.py", line 1237, in solve_lookup_type
    _, field, _, lookup_parts = self.names_to_path(lookup_splitted, self.get_meta())
  File "/home/lab420pro/tsn/venv/lib/python3.9/site-packages/django/db/models/sql/query.py", line 1725, in names_to_path
    raise FieldError(
django.core.exceptions.FieldError: Cannot resolve keyword 'is_current' into field. Choices are: created_at, end_date, id, is_active, name, performances, start_date
"GET /adminpanel/performance/dashboard/ HTTP/1.1" 500 116868
Internal Server Error: /adminpanel/performance/activity-report/
Traceback (most recent call last):
  File "/home/lab420pro/tsn/venv/lib/python3.9/site-packages/django/core/handlers/exception.py", line 55, in inner
    response = get_response(request)
  File "/home/lab420pro/tsn/venv/lib/python3.9/site-packages/django/core/handlers/base.py", line 197, in _get_response
    response = wrapped_callback(request, *callback_args, **callback_kwargs)
  File "/home/lab420pro/tsn/venv/lib/python3.9/site-packages/django/contrib/auth/decorators.py", line 23, in _wrapper_view
    return view_func(request, *args, **kwargs)
  File "/home/lab420pro/tsn/feedback_project/adminpanel/views.py", line 468, in employee_activity_report
    current_period = periods.filter(is_current=True).first()
  File "/home/lab420pro/tsn/venv/lib/python3.9/site-packages/django/db/models/query.py", line 1436, in filter
    return self._filter_or_exclude(False, args, kwargs)
  File "/home/lab420pro/tsn/venv/lib/python3.9/site-packages/django/db/models/query.py", line 1454, in _filter_or_exclude
    clone._filter_or_exclude_inplace(negate, args, kwargs)
  File "/home/lab420pro/tsn/venv/lib/python3.9/site-packages/django/db/models/query.py", line 1461, in _filter_or_exclude_inplace
    self._query.add_q(Q(*args, **kwargs))
  File "/home/lab420pro/tsn/venv/lib/python3.9/site-packages/django/db/models/sql/query.py", line 1546, in add_q
    clause, _ = self._add_q(q_object, self.used_aliases)
  File "/home/lab420pro/tsn/venv/lib/python3.9/site-packages/django/db/models/sql/query.py", line 1577, in _add_q
    child_clause, needed_inner = self.build_filter(
  File "/home/lab420pro/tsn/venv/lib/python3.9/site-packages/django/db/models/sql/query.py", line 1427, in build_filter
    lookups, parts, reffed_expression = self.solve_lookup_type(arg, summarize)
  File "/home/lab420pro/tsn/venv/lib/python3.9/site-packages/django/db/models/sql/query.py", line 1237, in solve_lookup_type
    _, field, _, lookup_parts = self.names_to_path(lookup_splitted, self.get_meta())
  File "/home/lab420pro/tsn/venv/lib/python3.9/site-packages/django/db/models/sql/query.py", line 1725, in names_to_path
    raise FieldError(
django.core.exceptions.FieldError: Cannot resolve keyword 'is_current' into field. Choices are: created_at, end_date, id, is_active, name, performances, start_date
"GET /adminpanel/performance/activity-report/ HTTP/1.1" 500 113297
Internal Server Error: /adminpanel/performance/
Traceback (most recent call last):
  File "/home/lab420pro/tsn/venv/lib/python3.9/site-packages/django/core/handlers/exception.py", line 55, in inner
    response = get_response(request)
  File "/home/lab420pro/tsn/venv/lib/python3.9/site-packages/django/core/handlers/base.py", line 197, in _get_response
    response = wrapped_callback(request, *callback_args, **callback_kwargs)
  File "/home/lab420pro/tsn/venv/lib/python3.9/site-packages/django/contrib/auth/decorators.py", line 23, in _wrapper_view
    return view_func(request, *args, **kwargs)
  File "/home/lab420pro/tsn/feedback_project/adminpanel/views.py", line 171, in performance_list
    current_period = periods.filter(is_current=True).first()
  File "/home/lab420pro/tsn/venv/lib/python3.9/site-packages/django/db/models/query.py", line 1436, in filter
    return self._filter_or_exclude(False, args, kwargs)
  File "/home/lab420pro/tsn/venv/lib/python3.9/site-packages/django/db/models/query.py", line 1454, in _filter_or_exclude
    clone._filter_or_exclude_inplace(negate, args, kwargs)
  File "/home/lab420pro/tsn/venv/lib/python3.9/site-packages/django/db/models/query.py", line 1461, in _filter_or_exclude_inplace
    self._query.add_q(Q(*args, **kwargs))
  File "/home/lab420pro/tsn/venv/lib/python3.9/site-packages/django/db/models/sql/query.py", line 1546, in add_q
    clause, _ = self._add_q(q_object, self.used_aliases)
  File "/home/lab420pro/tsn/venv/lib/python3.9/site-packages/django/db/models/sql/query.py", line 1577, in _add_q
    child_clause, needed_inner = self.build_filter(
  File "/home/lab420pro/tsn/venv/lib/python3.9/site-packages/django/db/models/sql/query.py", line 1427, in build_filter
    lookups, parts, reffed_expression = self.solve_lookup_type(arg, summarize)
  File "/home/lab420pro/tsn/venv/lib/python3.9/site-packages/django/db/models/sql/query.py", line 1237, in solve_lookup_type
    _, field, _, lookup_parts = self.names_to_path(lookup_splitted, self.get_meta())
  File "/home/lab420pro/tsn/venv/lib/python3.9/site-packages/django/db/models/sql/query.py", line 1725, in names_to_path
    raise FieldError(
django.core.exceptions.FieldError: Cannot resolve keyword 'is_current' into field. Choices are: created_at, end_date, id, is_active, name, performances, start_date
"GET /adminpanel/performance/ HTTP/1.1" 500 113304
Internal Server Error: /adminpanel/performance/dashboard/
Traceback (most recent call last):
  File "/home/lab420pro/tsn/venv/lib/python3.9/site-packages/django/core/handlers/exception.py", line 55, in inner
    response = get_response(request)
  File "/home/lab420pro/tsn/venv/lib/python3.9/site-packages/django/core/handlers/base.py", line 197, in _get_response
    response = wrapped_callback(request, *callback_args, **callback_kwargs)
  File "/home/lab420pro/tsn/venv/lib/python3.9/site-packages/django/contrib/auth/decorators.py", line 23, in _wrapper_view
    return view_func(request, *args, **kwargs)
  File "/home/lab420pro/tsn/feedback_project/adminpanel/views.py", line 416, in performance_dashboard
    current_period = EvaluationPeriod.objects.filter(is_current=True).first()
  File "/home/lab420pro/tsn/venv/lib/python3.9/site-packages/django/db/models/manager.py", line 87, in manager_method
    return getattr(self.get_queryset(), name)(*args, **kwargs)
  File "/home/lab420pro/tsn/venv/lib/python3.9/site-packages/django/db/models/query.py", line 1436, in filter
    return self._filter_or_exclude(False, args, kwargs)
  File "/home/lab420pro/tsn/venv/lib/python3.9/site-packages/django/db/models/query.py", line 1454, in _filter_or_exclude
    clone._filter_or_exclude_inplace(negate, args, kwargs)
  File "/home/lab420pro/tsn/venv/lib/python3.9/site-packages/django/db/models/query.py", line 1461, in _filter_or_exclude_inplace
    self._query.add_q(Q(*args, **kwargs))
  File "/home/lab420pro/tsn/venv/lib/python3.9/site-packages/django/db/models/sql/query.py", line 1546, in add_q
    clause, _ = self._add_q(q_object, self.used_aliases)
  File "/home/lab420pro/tsn/venv/lib/python3.9/site-packages/django/db/models/sql/query.py", line 1577, in _add_q
    child_clause, needed_inner = self.build_filter(
  File "/home/lab420pro/tsn/venv/lib/python3.9/site-packages/django/db/models/sql/query.py", line 1427, in build_filter
    lookups, parts, reffed_expression = self.solve_lookup_type(arg, summarize)
  File "/home/lab420pro/tsn/venv/lib/python3.9/site-packages/django/db/models/sql/query.py", line 1237, in solve_lookup_type
    _, field, _, lookup_parts = self.names_to_path(lookup_splitted, self.get_meta())
  File "/home/lab420pro/tsn/venv/lib/python3.9/site-packages/django/db/models/sql/query.py", line 1725, in names_to_path
    raise FieldError(
django.core.exceptions.FieldError: Cannot resolve keyword 'is_current' into field. Choices are: created_at, end_date, id, is_active, name, performances, start_date
"GET /adminpanel/performance/dashboard/ HTTP/1.1" 500 116881
Internal Server Error: /adminpanel/performance/dashboard/
Traceback (most recent call last):
  File "/home/lab420pro/tsn/venv/lib/python3.9/site-packages/django/core/handlers/exception.py", line 55, in inner
    response = get_response(request)
  File "/home/lab420pro/tsn/venv/lib/python3.9/site-packages/django/core/handlers/base.py", line 197, in _get_response
    response = wrapped_callback(request, *callback_args, **callback_kwargs)
  File "/home/lab420pro/tsn/venv/lib/python3.9/site-packages/django/contrib/auth/decorators.py", line 23, in _wrapper_view
    return view_func(request, *args, **kwargs)
  File "/home/lab420pro/tsn/feedback_project/adminpanel/views.py", line 417, in performance_dashboard
    current_period = EvaluationPeriod.objects.filter(is_current=True).first()
  File "/home/lab420pro/tsn/venv/lib/python3.9/site-packages/django/db/models/manager.py", line 87, in manager_method
    return getattr(self.get_queryset(), name)(*args, **kwargs)
  File "/home/lab420pro/tsn/venv/lib/python3.9/site-packages/django/db/models/query.py", line 1436, in filter
    return self._filter_or_exclude(False, args, kwargs)
  File "/home/lab420pro/tsn/venv/lib/python3.9/site-packages/django/db/models/query.py", line 1454, in _filter_or_exclude
    clone._filter_or_exclude_inplace(negate, args, kwargs)
  File "/home/lab420pro/tsn/venv/lib/python3.9/site-packages/django/db/models/query.py", line 1461, in _filter_or_exclude_inplace
    self._query.add_q(Q(*args, **kwargs))
  File "/home/lab420pro/tsn/venv/lib/python3.9/site-packages/django/db/models/sql/query.py", line 1546, in add_q
    clause, _ = self._add_q(q_object, self.used_aliases)
  File "/home/lab420pro/tsn/venv/lib/python3.9/site-packages/django/db/models/sql/query.py", line 1577, in _add_q
    child_clause, needed_inner = self.build_filter(
  File "/home/lab420pro/tsn/venv/lib/python3.9/site-packages/django/db/models/sql/query.py", line 1427, in build_filter
    lookups, parts, reffed_expression = self.solve_lookup_type(arg, summarize)
  File "/home/lab420pro/tsn/venv/lib/python3.9/site-packages/django/db/models/sql/query.py", line 1237, in solve_lookup_type
    _, field, _, lookup_parts = self.names_to_path(lookup_splitted, self.get_meta())
  File "/home/lab420pro/tsn/venv/lib/python3.9/site-packages/django/db/models/sql/query.py", line 1725, in names_to_path
    raise FieldError(
django.core.exceptions.FieldError: Cannot resolve keyword 'is_current' into field. Choices are: created_at, end_date, id, is_active, name, performances, start_date
"GET /adminpanel/performance/dashboard/ HTTP/1.1" 500 116867
Internal Server Error: /adminpanel/performance/
Traceback (most recent call last):
  File "/home/lab420pro/tsn/venv/lib/python3.9/site-packages/django/core/handlers/exception.py", line 55, in inner
    response = get_response(request)
  File "/home/lab420pro/tsn/venv/lib/python3.9/site-packages/django/core/handlers/base.py", line 197, in _get_response
    response = wrapped_callback(request, *callback_args, **callback_kwargs)
  File "/home/lab420pro/tsn/venv/lib/python3.9/site-packages/django/contrib/auth/decorators.py", line 23, in _wrapper_view
    return view_func(request, *args, **kwargs)
  File "/home/lab420pro/tsn/feedback_project/adminpanel/views.py", line 172, in performance_list
    current_period = periods.filter(is_current=True).first()
  File "/home/lab420pro/tsn/venv/lib/python3.9/site-packages/django/db/models/query.py", line 1436, in filter
    return self._filter_or_exclude(False, args, kwargs)
  File "/home/lab420pro/tsn/venv/lib/python3.9/site-packages/django/db/models/query.py", line 1454, in _filter_or_exclude
    clone._filter_or_exclude_inplace(negate, args, kwargs)
  File "/home/lab420pro/tsn/venv/lib/python3.9/site-packages/django/db/models/query.py", line 1461, in _filter_or_exclude_inplace
    self._query.add_q(Q(*args, **kwargs))
  File "/home/lab420pro/tsn/venv/lib/python3.9/site-packages/django/db/models/sql/query.py", line 1546, in add_q
    clause, _ = self._add_q(q_object, self.used_aliases)
  File "/home/lab420pro/tsn/venv/lib/python3.9/site-packages/django/db/models/sql/query.py", line 1577, in _add_q
    child_clause, needed_inner = self.build_filter(
  File "/home/lab420pro/tsn/venv/lib/python3.9/site-packages/django/db/models/sql/query.py", line 1427, in build_filter
    lookups, parts, reffed_expression = self.solve_lookup_type(arg, summarize)
  File "/home/lab420pro/tsn/venv/lib/python3.9/site-packages/django/db/models/sql/query.py", line 1237, in solve_lookup_type
    _, field, _, lookup_parts = self.names_to_path(lookup_splitted, self.get_meta())
  File "/home/lab420pro/tsn/venv/lib/python3.9/site-packages/django/db/models/sql/query.py", line 1725, in names_to_path
    raise FieldError(
django.core.exceptions.FieldError: Cannot resolve keyword 'is_current' into field. Choices are: created_at, end_date, id, is_active, name, performances, start_date
"GET /adminpanel/performance/ HTTP/1.1" 500 113290
Internal Server Error: /adminpanel/performance/create/
Traceback (most recent call last):
  File "/home/lab420pro/tsn/venv/lib/python3.9/site-packages/django/core/handlers/exception.py", line 55, in inner
    response = get_response(request)
  File "/home/lab420pro/tsn/venv/lib/python3.9/site-packages/django/core/handlers/base.py", line 197, in _get_response
    response = wrapped_callback(request, *callback_args, **callback_kwargs)
  File "/home/lab420pro/tsn/venv/lib/python3.9/site-packages/django/contrib/auth/decorators.py", line 23, in _wrapper_view
    return view_func(request, *args, **kwargs)
  File "/home/lab420pro/tsn/feedback_project/adminpanel/views.py", line 411, in performance_create
    return render(request, 'adminpanel/performance_create.html', context)
  File "/home/lab420pro/tsn/venv/lib/python3.9/site-packages/django/shortcuts.py", line 24, in render
    content = loader.render_to_string(template_name, context, request, using=using)
  File "/home/lab420pro/tsn/venv/lib/python3.9/site-packages/django/template/loader.py", line 62, in render_to_string
    return template.render(context, request)
  File "/home/lab420pro/tsn/venv/lib/python3.9/site-packages/django/template/backends/django.py", line 61, in render
    return self.template.render(context)
  File "/home/lab420pro/tsn/venv/lib/python3.9/site-packages/django/template/base.py", line 175, in render
    return self._render(context)
  File "/home/lab420pro/tsn/venv/lib/python3.9/site-packages/django/template/base.py", line 167, in _render
    return self.nodelist.render(context)
  File "/home/lab420pro/tsn/venv/lib/python3.9/site-packages/django/template/base.py", line 1005, in render
    return SafeString("".join([node.render_annotated(context) for node in self]))
  File "/home/lab420pro/tsn/venv/lib/python3.9/site-packages/django/template/base.py", line 1005, in <listcomp>
    return SafeString("".join([node.render_annotated(context) for node in self]))
  File "/home/lab420pro/tsn/venv/lib/python3.9/site-packages/django/template/base.py", line 966, in render_annotated
    return self.render(context)
  File "/home/lab420pro/tsn/venv/lib/python3.9/site-packages/django/template/loader_tags.py", line 157, in render
    return compiled_parent._render(context)
  File "/home/lab420pro/tsn/venv/lib/python3.9/site-packages/django/template/base.py", line 167, in _render
    return self.nodelist.render(context)
  File "/home/lab420pro/tsn/venv/lib/python3.9/site-packages/django/template/base.py", line 1005, in render
    return SafeString("".join([node.render_annotated(context) for node in self]))
  File "/home/lab420pro/tsn/venv/lib/python3.9/site-packages/django/template/base.py", line 1005, in <listcomp>
    return SafeString("".join([node.render_annotated(context) for node in self]))
  File "/home/lab420pro/tsn/venv/lib/python3.9/site-packages/django/template/base.py", line 966, in render_annotated
    return self.render(context)
  File "/home/lab420pro/tsn/venv/lib/python3.9/site-packages/django/template/defaulttags.py", line 471, in render
    url = reverse(view_name, args=args, kwargs=kwargs, current_app=current_app)
  File "/home/lab420pro/tsn/venv/lib/python3.9/site-packages/django/urls/base.py", line 88, in reverse
    return resolver._reverse_with_prefix(view, prefix, *args, **kwargs)
  File "/home/lab420pro/tsn/venv/lib/python3.9/site-packages/django/urls/resolvers.py", line 828, in _reverse_with_prefix
    raise NoReverseMatch(msg)
django.urls.exceptions.NoReverseMatch: Reverse for 'document_task_list' not found. 'document_task_list' is not a valid view function or pattern name.
"GET /adminpanel/performance/create/ HTTP/1.1" 500 162866
Internal Server Error: /adminpanel/performance/activity-report/
Traceback (most recent call last):
  File "/home/lab420pro/tsn/venv/lib/python3.9/site-packages/django/core/handlers/exception.py", line 55, in inner
    response = get_response(request)
  File "/home/lab420pro/tsn/venv/lib/python3.9/site-packages/django/core/handlers/base.py", line 197, in _get_response
    response = wrapped_callback(request, *callback_args, **callback_kwargs)
  File "/home/lab420pro/tsn/venv/lib/python3.9/site-packages/django/contrib/auth/decorators.py", line 23, in _wrapper_view
    return view_func(request, *args, **kwargs)
  File "/home/lab420pro/tsn/feedback_project/adminpanel/views.py", line 469, in employee_activity_report
    current_period = periods.filter(is_current=True).first()
  File "/home/lab420pro/tsn/venv/lib/python3.9/site-packages/django/db/models/query.py", line 1436, in filter
    return self._filter_or_exclude(False, args, kwargs)
  File "/home/lab420pro/tsn/venv/lib/python3.9/site-packages/django/db/models/query.py", line 1454, in _filter_or_exclude
    clone._filter_or_exclude_inplace(negate, args, kwargs)
  File "/home/lab420pro/tsn/venv/lib/python3.9/site-packages/django/db/models/query.py", line 1461, in _filter_or_exclude_inplace
    self._query.add_q(Q(*args, **kwargs))
  File "/home/lab420pro/tsn/venv/lib/python3.9/site-packages/django/db/models/sql/query.py", line 1546, in add_q
    clause, _ = self._add_q(q_object, self.used_aliases)
  File "/home/lab420pro/tsn/venv/lib/python3.9/site-packages/django/db/models/sql/query.py", line 1577, in _add_q
    child_clause, needed_inner = self.build_filter(
  File "/home/lab420pro/tsn/venv/lib/python3.9/site-packages/django/db/models/sql/query.py", line 1427, in build_filter
    lookups, parts, reffed_expression = self.solve_lookup_type(arg, summarize)
  File "/home/lab420pro/tsn/venv/lib/python3.9/site-packages/django/db/models/sql/query.py", line 1237, in solve_lookup_type
    _, field, _, lookup_parts = self.names_to_path(lookup_splitted, self.get_meta())
  File "/home/lab420pro/tsn/venv/lib/python3.9/site-packages/django/db/models/sql/query.py", line 1725, in names_to_path
    raise FieldError(
django.core.exceptions.FieldError: Cannot resolve keyword 'is_current' into field. Choices are: created_at, end_date, id, is_active, name, performances, start_date
"GET /adminpanel/performance/activity-report/ HTTP/1.1" 500 113297
Internal Server Error: /adminpanel/users/
Traceback (most recent call last):
  File "/home/lab420pro/tsn/venv/lib/python3.9/site-packages/django/core/handlers/exception.py", line 55, in inner
    response = get_response(request)
  File "/home/lab420pro/tsn/venv/lib/python3.9/site-packages/django/core/handlers/base.py", line 197, in _get_response
    response = wrapped_callback(request, *callback_args, **callback_kwargs)
  File "/home/lab420pro/tsn/venv/lib/python3.9/site-packages/django/contrib/auth/decorators.py", line 23, in _wrapper_view
    return view_func(request, *args, **kwargs)
  File "/home/lab420pro/tsn/feedback_project/adminpanel/views.py", line 38, in user_list
    return render(request, "adminpanel/user_list.html", {"users": users})
  File "/home/lab420pro/tsn/venv/lib/python3.9/site-packages/django/shortcuts.py", line 24, in render
    content = loader.render_to_string(template_name, context, request, using=using)
  File "/home/lab420pro/tsn/venv/lib/python3.9/site-packages/django/template/loader.py", line 62, in render_to_string
    return template.render(context, request)
  File "/home/lab420pro/tsn/venv/lib/python3.9/site-packages/django/template/backends/django.py", line 61, in render
    return self.template.render(context)
  File "/home/lab420pro/tsn/venv/lib/python3.9/site-packages/django/template/base.py", line 175, in render
    return self._render(context)
  File "/home/lab420pro/tsn/venv/lib/python3.9/site-packages/django/template/base.py", line 167, in _render
    return self.nodelist.render(context)
  File "/home/lab420pro/tsn/venv/lib/python3.9/site-packages/django/template/base.py", line 1005, in render
    return SafeString("".join([node.render_annotated(context) for node in self]))
  File "/home/lab420pro/tsn/venv/lib/python3.9/site-packages/django/template/base.py", line 1005, in <listcomp>
    return SafeString("".join([node.render_annotated(context) for node in self]))
  File "/home/lab420pro/tsn/venv/lib/python3.9/site-packages/django/template/base.py", line 966, in render_annotated
    return self.render(context)
  File "/home/lab420pro/tsn/venv/lib/python3.9/site-packages/django/template/loader_tags.py", line 157, in render
    return compiled_parent._render(context)
  File "/home/lab420pro/tsn/venv/lib/python3.9/site-packages/django/template/base.py", line 167, in _render
    return self.nodelist.render(context)
  File "/home/lab420pro/tsn/venv/lib/python3.9/site-packages/django/template/base.py", line 1005, in render
    return SafeString("".join([node.render_annotated(context) for node in self]))
  File "/home/lab420pro/tsn/venv/lib/python3.9/site-packages/django/template/base.py", line 1005, in <listcomp>
    return SafeString("".join([node.render_annotated(context) for node in self]))
  File "/home/lab420pro/tsn/venv/lib/python3.9/site-packages/django/template/base.py", line 966, in render_annotated
    return self.render(context)
  File "/home/lab420pro/tsn/venv/lib/python3.9/site-packages/django/template/defaulttags.py", line 471, in render
    url = reverse(view_name, args=args, kwargs=kwargs, current_app=current_app)
  File "/home/lab420pro/tsn/venv/lib/python3.9/site-packages/django/urls/base.py", line 88, in reverse
    return resolver._reverse_with_prefix(view, prefix, *args, **kwargs)
  File "/home/lab420pro/tsn/venv/lib/python3.9/site-packages/django/urls/resolvers.py", line 828, in _reverse_with_prefix
    raise NoReverseMatch(msg)
django.urls.exceptions.NoReverseMatch: Reverse for 'document_task_list' not found. 'document_task_list' is not a valid view function or pattern name.
"GET /adminpanel/users/ HTTP/1.1" 500 152508
Internal Server Error: /adminpanel/performance/
Traceback (most recent call last):
  File "/home/lab420pro/tsn/venv/lib/python3.9/site-packages/django/core/handlers/exception.py", line 55, in inner
    response = get_response(request)
  File "/home/lab420pro/tsn/venv/lib/python3.9/site-packages/django/core/handlers/base.py", line 197, in _get_response
    response = wrapped_callback(request, *callback_args, **callback_kwargs)
  File "/home/lab420pro/tsn/venv/lib/python3.9/site-packages/django/contrib/auth/decorators.py", line 23, in _wrapper_view
    return view_func(request, *args, **kwargs)
  File "/home/lab420pro/tsn/feedback_project/adminpanel/views.py", line 172, in performance_list
    current_period = periods.filter(is_current=True).first()
  File "/home/lab420pro/tsn/venv/lib/python3.9/site-packages/django/db/models/query.py", line 1436, in filter
    return self._filter_or_exclude(False, args, kwargs)
  File "/home/lab420pro/tsn/venv/lib/python3.9/site-packages/django/db/models/query.py", line 1454, in _filter_or_exclude
    clone._filter_or_exclude_inplace(negate, args, kwargs)
  File "/home/lab420pro/tsn/venv/lib/python3.9/site-packages/django/db/models/query.py", line 1461, in _filter_or_exclude_inplace
    self._query.add_q(Q(*args, **kwargs))
  File "/home/lab420pro/tsn/venv/lib/python3.9/site-packages/django/db/models/sql/query.py", line 1546, in add_q
    clause, _ = self._add_q(q_object, self.used_aliases)
  File "/home/lab420pro/tsn/venv/lib/python3.9/site-packages/django/db/models/sql/query.py", line 1577, in _add_q
    child_clause, needed_inner = self.build_filter(
  File "/home/lab420pro/tsn/venv/lib/python3.9/site-packages/django/db/models/sql/query.py", line 1427, in build_filter
    lookups, parts, reffed_expression = self.solve_lookup_type(arg, summarize)
  File "/home/lab420pro/tsn/venv/lib/python3.9/site-packages/django/db/models/sql/query.py", line 1237, in solve_lookup_type
    _, field, _, lookup_parts = self.names_to_path(lookup_splitted, self.get_meta())
  File "/home/lab420pro/tsn/venv/lib/python3.9/site-packages/django/db/models/sql/query.py", line 1725, in names_to_path
    raise FieldError(
django.core.exceptions.FieldError: Cannot resolve keyword 'is_current' into field. Choices are: created_at, end_date, id, is_active, name, performances, start_date
"GET /adminpanel/performance/ HTTP/1.1" 500 113304
Internal Server Error: /adminpanel/performance/dashboard/
Traceback (most recent call last):
  File "/home/lab420pro/tsn/venv/lib/python3.9/site-packages/django/core/handlers/exception.py", line 55, in inner
    response = get_response(request)
  File "/home/lab420pro/tsn/venv/lib/python3.9/site-packages/django/core/handlers/base.py", line 197, in _get_response
    response = wrapped_callback(request, *callback_args, **callback_kwargs)
  File "/home/lab420pro/tsn/venv/lib/python3.9/site-packages/django/contrib/auth/decorators.py", line 23, in _wrapper_view
    return view_func(request, *args, **kwargs)
  File "/home/lab420pro/tsn/feedback_project/adminpanel/views.py", line 417, in performance_dashboard
    current_period = EvaluationPeriod.objects.filter(is_current=True).first()
  File "/home/lab420pro/tsn/venv/lib/python3.9/site-packages/django/db/models/manager.py", line 87, in manager_method
    return getattr(self.get_queryset(), name)(*args, **kwargs)
  File "/home/lab420pro/tsn/venv/lib/python3.9/site-packages/django/db/models/query.py", line 1436, in filter
    return self._filter_or_exclude(False, args, kwargs)
  File "/home/lab420pro/tsn/venv/lib/python3.9/site-packages/django/db/models/query.py", line 1454, in _filter_or_exclude
    clone._filter_or_exclude_inplace(negate, args, kwargs)
  File "/home/lab420pro/tsn/venv/lib/python3.9/site-packages/django/db/models/query.py", line 1461, in _filter_or_exclude_inplace
    self._query.add_q(Q(*args, **kwargs))
  File "/home/lab420pro/tsn/venv/lib/python3.9/site-packages/django/db/models/sql/query.py", line 1546, in add_q
    clause, _ = self._add_q(q_object, self.used_aliases)
  File "/home/lab420pro/tsn/venv/lib/python3.9/site-packages/django/db/models/sql/query.py", line 1577, in _add_q
    child_clause, needed_inner = self.build_filter(
  File "/home/lab420pro/tsn/venv/lib/python3.9/site-packages/django/db/models/sql/query.py", line 1427, in build_filter
    lookups, parts, reffed_expression = self.solve_lookup_type(arg, summarize)
  File "/home/lab420pro/tsn/venv/lib/python3.9/site-packages/django/db/models/sql/query.py", line 1237, in solve_lookup_type
    _, field, _, lookup_parts = self.names_to_path(lookup_splitted, self.get_meta())
  File "/home/lab420pro/tsn/venv/lib/python3.9/site-packages/django/db/models/sql/query.py", line 1725, in names_to_path
    raise FieldError(
django.core.exceptions.FieldError: Cannot resolve keyword 'is_current' into field. Choices are: created_at, end_date, id, is_active, name, performances, start_date
"GET /adminpanel/performance/dashboard/ HTTP/1.1" 500 116881
Internal Server Error: /adminpanel/user-behavior/1/
Traceback (most recent call last):
  File "/home/lab420pro/tsn/venv/lib/python3.9/site-packages/django/core/handlers/exception.py", line 55, in inner
    response = get_response(request)
  File "/home/lab420pro/tsn/venv/lib/python3.9/site-packages/django/core/handlers/base.py", line 197, in _get_response
    response = wrapped_callback(request, *callback_args, **callback_kwargs)
  File "/home/lab420pro/tsn/venv/lib/python3.9/site-packages/django/contrib/auth/decorators.py", line 23, in _wrapper_view
    return view_func(request, *args, **kwargs)
  File "/home/lab420pro/tsn/feedback_project/adminpanel/views.py", line 588, in user_behavior_overview
    'content': upload.content[:100] + '...' if len(upload.content) > 100 else upload.content,
TypeError: object of type 'NoneType' has no len()
"GET /adminpanel/user-behavior/1/ HTTP/1.1" 500 75473
Internal Server Error: /adminpanel/user-behavior/1/
Traceback (most recent call last):
  File "/home/lab420pro/tsn/venv/lib/python3.9/site-packages/django/core/handlers/exception.py", line 55, in inner
    response = get_response(request)
  File "/home/lab420pro/tsn/venv/lib/python3.9/site-packages/django/core/handlers/base.py", line 197, in _get_response
    response = wrapped_callback(request, *callback_args, **callback_kwargs)
  File "/home/lab420pro/tsn/venv/lib/python3.9/site-packages/django/contrib/auth/decorators.py", line 23, in _wrapper_view
    return view_func(request, *args, **kwargs)
  File "/home/lab420pro/tsn/feedback_project/adminpanel/views.py", line 592, in user_behavior_overview
    'document_name': upload.document_name or "未命名文档",
AttributeError: 'DocumentTask' object has no attribute 'document_name'
"GET /adminpanel/user-behavior/1/ HTTP/1.1" 500 75670
Internal Server Error: /adminpanel/user-behavior/1/
Traceback (most recent call last):
  File "/home/lab420pro/tsn/venv/lib/python3.9/site-packages/django/core/handlers/exception.py", line 55, in inner
    response = get_response(request)
  File "/home/lab420pro/tsn/venv/lib/python3.9/site-packages/django/core/handlers/base.py", line 197, in _get_response
    response = wrapped_callback(request, *callback_args, **callback_kwargs)
  File "/home/lab420pro/tsn/venv/lib/python3.9/site-packages/django/contrib/auth/decorators.py", line 23, in _wrapper_view
    return view_func(request, *args, **kwargs)
  File "/home/lab420pro/tsn/feedback_project/adminpanel/views.py", line 592, in user_behavior_overview
    'document_name': upload.document_name or "未命名文档",
AttributeError: 'DocumentTask' object has no attribute 'document_name'
"GET /adminpanel/user-behavior/1/ HTTP/1.1" 500 75670
Internal Server Error: /adminpanel/performance/
Traceback (most recent call last):
  File "/home/lab420pro/tsn/venv/lib/python3.9/site-packages/django/core/handlers/exception.py", line 55, in inner
    response = get_response(request)
  File "/home/lab420pro/tsn/venv/lib/python3.9/site-packages/django/core/handlers/base.py", line 197, in _get_response
    response = wrapped_callback(request, *callback_args, **callback_kwargs)
  File "/home/lab420pro/tsn/venv/lib/python3.9/site-packages/django/contrib/auth/decorators.py", line 23, in _wrapper_view
    return view_func(request, *args, **kwargs)
  File "/home/lab420pro/tsn/feedback_project/adminpanel/views.py", line 172, in performance_list
    current_period = periods.filter(is_current=True).first()
  File "/home/lab420pro/tsn/venv/lib/python3.9/site-packages/django/db/models/query.py", line 1436, in filter
    return self._filter_or_exclude(False, args, kwargs)
  File "/home/lab420pro/tsn/venv/lib/python3.9/site-packages/django/db/models/query.py", line 1454, in _filter_or_exclude
    clone._filter_or_exclude_inplace(negate, args, kwargs)
  File "/home/lab420pro/tsn/venv/lib/python3.9/site-packages/django/db/models/query.py", line 1461, in _filter_or_exclude_inplace
    self._query.add_q(Q(*args, **kwargs))
  File "/home/lab420pro/tsn/venv/lib/python3.9/site-packages/django/db/models/sql/query.py", line 1546, in add_q
    clause, _ = self._add_q(q_object, self.used_aliases)
  File "/home/lab420pro/tsn/venv/lib/python3.9/site-packages/django/db/models/sql/query.py", line 1577, in _add_q
    child_clause, needed_inner = self.build_filter(
  File "/home/lab420pro/tsn/venv/lib/python3.9/site-packages/django/db/models/sql/query.py", line 1427, in build_filter
    lookups, parts, reffed_expression = self.solve_lookup_type(arg, summarize)
  File "/home/lab420pro/tsn/venv/lib/python3.9/site-packages/django/db/models/sql/query.py", line 1237, in solve_lookup_type
    _, field, _, lookup_parts = self.names_to_path(lookup_splitted, self.get_meta())
  File "/home/lab420pro/tsn/venv/lib/python3.9/site-packages/django/db/models/sql/query.py", line 1725, in names_to_path
    raise FieldError(
django.core.exceptions.FieldError: Cannot resolve keyword 'is_current' into field. Choices are: created_at, end_date, id, is_active, name, performances, start_date
Internal Server Error: /adminpanel/users/
Traceback (most recent call last):
  File "/home/lab420pro/tsn/venv/lib/python3.9/site-packages/django/core/handlers/exception.py", line 55, in inner
    response = get_response(request)
  File "/home/lab420pro/tsn/venv/lib/python3.9/site-packages/django/core/handlers/base.py", line 197, in _get_response
    response = wrapped_callback(request, *callback_args, **callback_kwargs)
  File "/home/lab420pro/tsn/venv/lib/python3.9/site-packages/django/contrib/auth/decorators.py", line 23, in _wrapper_view
    return view_func(request, *args, **kwargs)
  File "/home/lab420pro/tsn/feedback_project/adminpanel/views.py", line 43, in user_list
    return render(request, "adminpanel/user_list.html", {"users": users})
  File "/home/lab420pro/tsn/venv/lib/python3.9/site-packages/django/shortcuts.py", line 24, in render
    content = loader.render_to_string(template_name, context, request, using=using)
  File "/home/lab420pro/tsn/venv/lib/python3.9/site-packages/django/template/loader.py", line 62, in render_to_string
    return template.render(context, request)
  File "/home/lab420pro/tsn/venv/lib/python3.9/site-packages/django/template/backends/django.py", line 61, in render
    return self.template.render(context)
  File "/home/lab420pro/tsn/venv/lib/python3.9/site-packages/django/template/base.py", line 175, in render
    return self._render(context)
  File "/home/lab420pro/tsn/venv/lib/python3.9/site-packages/django/template/base.py", line 167, in _render
    return self.nodelist.render(context)
  File "/home/lab420pro/tsn/venv/lib/python3.9/site-packages/django/template/base.py", line 1005, in render
    return SafeString("".join([node.render_annotated(context) for node in self]))
  File "/home/lab420pro/tsn/venv/lib/python3.9/site-packages/django/template/base.py", line 1005, in <listcomp>
    return SafeString("".join([node.render_annotated(context) for node in self]))
  File "/home/lab420pro/tsn/venv/lib/python3.9/site-packages/django/template/base.py", line 966, in render_annotated
    return self.render(context)
  File "/home/lab420pro/tsn/venv/lib/python3.9/site-packages/django/template/loader_tags.py", line 157, in render
    return compiled_parent._render(context)
  File "/home/lab420pro/tsn/venv/lib/python3.9/site-packages/django/template/base.py", line 167, in _render
    return self.nodelist.render(context)
  File "/home/lab420pro/tsn/venv/lib/python3.9/site-packages/django/template/base.py", line 1005, in render
    return SafeString("".join([node.render_annotated(context) for node in self]))
  File "/home/lab420pro/tsn/venv/lib/python3.9/site-packages/django/template/base.py", line 1005, in <listcomp>
    return SafeString("".join([node.render_annotated(context) for node in self]))
  File "/home/lab420pro/tsn/venv/lib/python3.9/site-packages/django/template/base.py", line 966, in render_annotated
    return self.render(context)
  File "/home/lab420pro/tsn/venv/lib/python3.9/site-packages/django/template/defaulttags.py", line 321, in render
    return nodelist.render(context)
  File "/home/lab420pro/tsn/venv/lib/python3.9/site-packages/django/template/base.py", line 1005, in render
    return SafeString("".join([node.render_annotated(context) for node in self]))
  File "/home/lab420pro/tsn/venv/lib/python3.9/site-packages/django/template/base.py", line 1005, in <listcomp>
    return SafeString("".join([node.render_annotated(context) for node in self]))
  File "/home/lab420pro/tsn/venv/lib/python3.9/site-packages/django/template/base.py", line 966, in render_annotated
    return self.render(context)
  File "/home/lab420pro/tsn/venv/lib/python3.9/site-packages/django/template/defaulttags.py", line 471, in render
    url = reverse(view_name, args=args, kwargs=kwargs, current_app=current_app)
  File "/home/lab420pro/tsn/venv/lib/python3.9/site-packages/django/urls/base.py", line 88, in reverse
    return resolver._reverse_with_prefix(view, prefix, *args, **kwargs)
  File "/home/lab420pro/tsn/venv/lib/python3.9/site-packages/django/urls/resolvers.py", line 828, in _reverse_with_prefix
    raise NoReverseMatch(msg)
django.urls.exceptions.NoReverseMatch: Reverse for 'performance_dashboard' not found. 'performance_dashboard' is not a valid view function or pattern name.
"GET /adminpanel/users/ HTTP/1.1" 500 170422
Internal Server Error: /qa/ask/
Traceback (most recent call last):
  File "/home/lab420pro/tsn/venv/lib/python3.9/site-packages/django/core/handlers/exception.py", line 55, in inner
    response = get_response(request)
  File "/home/lab420pro/tsn/venv/lib/python3.9/site-packages/django/core/handlers/base.py", line 204, in _get_response
    self.check_response(response, callback)
  File "/home/lab420pro/tsn/venv/lib/python3.9/site-packages/django/core/handlers/base.py", line 332, in check_response
    raise ValueError(
ValueError: The view qa.views.ask_question didn't return an HttpResponse object. It returned None instead.
"GET /qa/ask/ HTTP/1.1" 500 69158
Internal Server Error: /qa/ask/
Traceback (most recent call last):
  File "/home/lab420pro/tsn/venv/lib/python3.9/site-packages/django/core/handlers/exception.py", line 55, in inner
    response = get_response(request)
  File "/home/lab420pro/tsn/venv/lib/python3.9/site-packages/django/core/handlers/base.py", line 197, in _get_response
    response = wrapped_callback(request, *callback_args, **callback_kwargs)
  File "/home/lab420pro/tsn/venv/lib/python3.9/site-packages/django/views/decorators/csrf.py", line 56, in wrapper_view
    return view_func(*args, **kwargs)
  File "/home/lab420pro/tsn/feedback_project/qa/views.py", line 78, in ask_question
    return render(request, "qa/ask.html")
  File "/home/lab420pro/tsn/venv/lib/python3.9/site-packages/django/shortcuts.py", line 24, in render
    content = loader.render_to_string(template_name, context, request, using=using)
  File "/home/lab420pro/tsn/venv/lib/python3.9/site-packages/django/template/loader.py", line 61, in render_to_string
    template = get_template(template_name, using=using)
  File "/home/lab420pro/tsn/venv/lib/python3.9/site-packages/django/template/loader.py", line 19, in get_template
    raise TemplateDoesNotExist(template_name, chain=chain)
django.template.exceptions.TemplateDoesNotExist: qa/ask.html
"GET /qa/ask/ HTTP/1.1" 500 88129
Internal Server Error: /qa/ask/
Traceback (most recent call last):
  File "/home/lab420pro/tsn/venv/lib/python3.9/site-packages/django/core/handlers/exception.py", line 55, in inner
    response = get_response(request)
  File "/home/lab420pro/tsn/venv/lib/python3.9/site-packages/django/core/handlers/base.py", line 197, in _get_response
    response = wrapped_callback(request, *callback_args, **callback_kwargs)
  File "/home/lab420pro/tsn/venv/lib/python3.9/site-packages/django/views/decorators/csrf.py", line 56, in wrapper_view
    return view_func(*args, **kwargs)
  File "/home/lab420pro/tsn/feedback_project/qa/views.py", line 78, in ask_question
    return render(request, "ask.html")
  File "/home/lab420pro/tsn/venv/lib/python3.9/site-packages/django/shortcuts.py", line 24, in render
    content = loader.render_to_string(template_name, context, request, using=using)
  File "/home/lab420pro/tsn/venv/lib/python3.9/site-packages/django/template/loader.py", line 61, in render_to_string
    template = get_template(template_name, using=using)
  File "/home/lab420pro/tsn/venv/lib/python3.9/site-packages/django/template/loader.py", line 19, in get_template
    raise TemplateDoesNotExist(template_name, chain=chain)
django.template.exceptions.TemplateDoesNotExist: ask.html
"GET /qa/ask/ HTTP/1.1" 500 88051
"POST /qa/ask/ HTTP/1.1" 500 59
"POST /qa/ask/ HTTP/1.1" 500 59
Internal Server Error: /qa/
Traceback (most recent call last):
  File "/home/lab420pro/tsn/venv/lib/python3.9/site-packages/django/core/handlers/exception.py", line 55, in inner
    response = get_response(request)
  File "/home/lab420pro/tsn/venv/lib/python3.9/site-packages/django/core/handlers/base.py", line 197, in _get_response
    response = wrapped_callback(request, *callback_args, **callback_kwargs)
  File "/home/lab420pro/tsn/feedback_project/qa/views.py", line 115, in qa_page
    return render(request, "qa_test.html")
  File "/home/lab420pro/tsn/venv/lib/python3.9/site-packages/django/shortcuts.py", line 24, in render
    content = loader.render_to_string(template_name, context, request, using=using)
  File "/home/lab420pro/tsn/venv/lib/python3.9/site-packages/django/template/loader.py", line 61, in render_to_string
    template = get_template(template_name, using=using)
  File "/home/lab420pro/tsn/venv/lib/python3.9/site-packages/django/template/loader.py", line 19, in get_template
    raise TemplateDoesNotExist(template_name, chain=chain)
django.template.exceptions.TemplateDoesNotExist: qa_t.html
"GET /qa/ HTTP/1.1" 500 84192
Internal Server Error: /qa/router/
Traceback (most recent call last):
  File "/home/lab420pro/tsn/venv/lib/python3.9/site-packages/django/core/handlers/exception.py", line 55, in inner
    response = get_response(request)
  File "/home/lab420pro/tsn/venv/lib/python3.9/site-packages/django/core/handlers/base.py", line 197, in _get_response
    response = wrapped_callback(request, *callback_args, **callback_kwargs)
  File "/home/lab420pro/tsn/feedback_project/qa/views.py", line 123, in route_page
    return render(request, "zhangbi_amap_api.html.html")
  File "/home/lab420pro/tsn/venv/lib/python3.9/site-packages/django/shortcuts.py", line 24, in render
    content = loader.render_to_string(template_name, context, request, using=using)
  File "/home/lab420pro/tsn/venv/lib/python3.9/site-packages/django/template/loader.py", line 61, in render_to_string
    template = get_template(template_name, using=using)
  File "/home/lab420pro/tsn/venv/lib/python3.9/site-packages/django/template/loader.py", line 19, in get_template
    raise TemplateDoesNotExist(template_name, chain=chain)
django.template.exceptions.TemplateDoesNotExist: zhangbi_amap_api.html.html
"GET /qa/router/ HTTP/1.1" 500 84916
Internal Server Error: /qa/router/
Traceback (most recent call last):
  File "/home/lab420pro/tsn/venv/lib/python3.9/site-packages/django/core/handlers/exception.py", line 55, in inner
    response = get_response(request)
  File "/home/lab420pro/tsn/venv/lib/python3.9/site-packages/django/core/handlers/base.py", line 197, in _get_response
    response = wrapped_callback(request, *callback_args, **callback_kwargs)
  File "/home/lab420pro/tsn/feedback_project/qa/views.py", line 123, in route_page
    return render(request, "zhangbi_amap_api.html.html")
  File "/home/lab420pro/tsn/venv/lib/python3.9/site-packages/django/shortcuts.py", line 24, in render
    content = loader.render_to_string(template_name, context, request, using=using)
  File "/home/lab420pro/tsn/venv/lib/python3.9/site-packages/django/template/loader.py", line 61, in render_to_string
    template = get_template(template_name, using=using)
  File "/home/lab420pro/tsn/venv/lib/python3.9/site-packages/django/template/loader.py", line 19, in get_template
    raise TemplateDoesNotExist(template_name, chain=chain)
django.template.exceptions.TemplateDoesNotExist: zhangbi_amap_api.html.html
"GET /qa/router/ HTTP/1.1" 500 85053
Internal Server Error: /adminpanel/users/
Traceback (most recent call last):
  File "/home/lab420pro/tsn/venv/lib/python3.9/site-packages/django/core/handlers/exception.py", line 55, in inner
    response = get_response(request)
  File "/home/lab420pro/tsn/venv/lib/python3.9/site-packages/django/core/handlers/base.py", line 197, in _get_response
    response = wrapped_callback(request, *callback_args, **callback_kwargs)
  File "/home/lab420pro/tsn/venv/lib/python3.9/site-packages/django/contrib/auth/decorators.py", line 23, in _wrapper_view
    return view_func(request, *args, **kwargs)
  File "/home/lab420pro/tsn/feedback_project/adminpanel/views.py", line 40, in user_list
    return render(request, "adminpanel/user_list.html", {"users": users})
  File "/home/lab420pro/tsn/venv/lib/python3.9/site-packages/django/shortcuts.py", line 24, in render
    content = loader.render_to_string(template_name, context, request, using=using)
  File "/home/lab420pro/tsn/venv/lib/python3.9/site-packages/django/template/loader.py", line 62, in render_to_string
    return template.render(context, request)
  File "/home/lab420pro/tsn/venv/lib/python3.9/site-packages/django/template/backends/django.py", line 61, in render
    return self.template.render(context)
  File "/home/lab420pro/tsn/venv/lib/python3.9/site-packages/django/template/base.py", line 175, in render
    return self._render(context)
  File "/home/lab420pro/tsn/venv/lib/python3.9/site-packages/django/template/base.py", line 167, in _render
    return self.nodelist.render(context)
  File "/home/lab420pro/tsn/venv/lib/python3.9/site-packages/django/template/base.py", line 1005, in render
    return SafeString("".join([node.render_annotated(context) for node in self]))
  File "/home/lab420pro/tsn/venv/lib/python3.9/site-packages/django/template/base.py", line 1005, in <listcomp>
    return SafeString("".join([node.render_annotated(context) for node in self]))
  File "/home/lab420pro/tsn/venv/lib/python3.9/site-packages/django/template/base.py", line 966, in render_annotated
    return self.render(context)
  File "/home/lab420pro/tsn/venv/lib/python3.9/site-packages/django/template/loader_tags.py", line 157, in render
    return compiled_parent._render(context)
  File "/home/lab420pro/tsn/venv/lib/python3.9/site-packages/django/template/base.py", line 167, in _render
    return self.nodelist.render(context)
  File "/home/lab420pro/tsn/venv/lib/python3.9/site-packages/django/template/base.py", line 1005, in render
    return SafeString("".join([node.render_annotated(context) for node in self]))
  File "/home/lab420pro/tsn/venv/lib/python3.9/site-packages/django/template/base.py", line 1005, in <listcomp>
    return SafeString("".join([node.render_annotated(context) for node in self]))
  File "/home/lab420pro/tsn/venv/lib/python3.9/site-packages/django/template/base.py", line 966, in render_annotated
    return self.render(context)
  File "/home/lab420pro/tsn/venv/lib/python3.9/site-packages/django/template/defaulttags.py", line 471, in render
    url = reverse(view_name, args=args, kwargs=kwargs, current_app=current_app)
  File "/home/lab420pro/tsn/venv/lib/python3.9/site-packages/django/urls/base.py", line 88, in reverse
    return resolver._reverse_with_prefix(view, prefix, *args, **kwargs)
  File "/home/lab420pro/tsn/venv/lib/python3.9/site-packages/django/urls/resolvers.py", line 828, in _reverse_with_prefix
    raise NoReverseMatch(msg)
django.urls.exceptions.NoReverseMatch: Reverse for 'user_behavior_overview' not found. 'user_behavior_overview' is not a valid view function or pattern name.Internal Server Error: /adminpanel/user-behavior/18/
Traceback (most recent call last):
  File "/home/lab420pro/tsn/venv/lib/python3.9/site-packages/django/core/handlers/exception.py", line 55, in inner
    response = get_response(request)
  File "/home/lab420pro/tsn/venv/lib/python3.9/site-packages/django/core/handlers/base.py", line 197, in _get_response
    response = wrapped_callback(request, *callback_args, **callback_kwargs)
  File "/home/lab420pro/tsn/venv/lib/python3.9/site-packages/django/contrib/auth/decorators.py", line 23, in _wrapper_view
    return view_func(request, *args, **kwargs)
  File "/home/lab420pro/tsn/feedback_project/adminpanel/views.py", line 368, in user_behavior_overview
    "diff_html": diff_html_clean,
NameError: name 'diff_html_c' is not defined
"GET /adminpanel/user-behavior/18/ HTTP/1.1" 500 91475
Internal Server Error: /adminpanel/dashboard/
Traceback (most recent call last):
  File "/home/lab420pro/tsn/venv/lib/python3.9/site-packages/django/core/handlers/exception.py", line 55, in inner
    response = get_response(request)
  File "/home/lab420pro/tsn/venv/lib/python3.9/site-packages/django/core/handlers/base.py", line 197, in _get_response
    response = wrapped_callback(request, *callback_args, **callback_kwargs)
  File "/home/lab420pro/tsn/venv/lib/python3.9/site-packages/django/contrib/auth/decorators.py", line 23, in _wrapper_view
    return view_func(request, *args, **kwargs)
  File "/home/lab420pro/tsn/feedback_project/adminpanel/views.py", line 33, in admin_dashboard
    return render(request, "adminpanel/dashboard_simple.html")
  File "/home/lab420pro/tsn/venv/lib/python3.9/site-packages/django/shortcuts.py", line 24, in render
    content = loader.render_to_string(template_name, context, request, using=using)
  File "/home/lab420pro/tsn/venv/lib/python3.9/site-packages/django/template/loader.py", line 62, in render_to_string
    return template.render(context, request)
  File "/home/lab420pro/tsn/venv/lib/python3.9/site-packages/django/template/backends/django.py", line 61, in render
    return self.template.render(context)
  File "/home/lab420pro/tsn/venv/lib/python3.9/site-packages/django/template/base.py", line 175, in render
    return self._render(context)
  File "/home/lab420pro/tsn/venv/lib/python3.9/site-packages/django/template/base.py", line 167, in _render
    return self.nodelist.render(context)
  File "/home/lab420pro/tsn/venv/lib/python3.9/site-packages/django/template/base.py", line 1005, in render
    return SafeString("".join([node.render_annotated(context) for node in self]))
  File "/home/lab420pro/tsn/venv/lib/python3.9/site-packages/django/template/base.py", line 1005, in <listcomp>
    return SafeString("".join([node.render_annotated(context) for node in self]))
  File "/home/lab420pro/tsn/venv/lib/python3.9/site-packages/django/template/base.py", line 966, in render_annotated
    return self.render(context)
  File "/home/lab420pro/tsn/venv/lib/python3.9/site-packages/django/template/defaulttags.py", line 471, in render
    url = reverse(view_name, args=args, kwargs=kwargs, current_app=current_app)
  File "/home/lab420pro/tsn/venv/lib/python3.9/site-packages/django/urls/base.py", line 88, in reverse
    return resolver._reverse_with_prefix(view, prefix, *args, **kwargs)
  File "/home/lab420pro/tsn/venv/lib/python3.9/site-packages/django/urls/resolvers.py", line 828, in _reverse_with_prefix
    raise NoReverseMatch(msg)
django.urls.exceptions.NoReverseMatch: Reverse for 'user-behavior' not found. 'user-behavior' is not a valid view function or pattern name.
"GET /adminpanel/dashboard/ HTTP/1.1" 500 128235
Internal Server Error: /adminpanel/dashboard/
Traceback (most recent call last):
  File "/home/lab420pro/tsn/venv/lib/python3.9/site-packages/django/core/handlers/exception.py", line 55, in inner
    response = get_response(request)
  File "/home/lab420pro/tsn/venv/lib/python3.9/site-packages/django/core/handlers/base.py", line 197, in _get_response
    response = wrapped_callback(request, *callback_args, **callback_kwargs)
  File "/home/lab420pro/tsn/venv/lib/python3.9/site-packages/django/contrib/auth/decorators.py", line 23, in _wrapper_view
    return view_func(request, *args, **kwargs)
  File "/home/lab420pro/tsn/feedback_project/adminpanel/views.py", line 33, in admin_dashboard
    return render(request, "adminpanel/dashboard_simple.html")
  File "/home/lab420pro/tsn/venv/lib/python3.9/site-packages/django/shortcuts.py", line 24, in render
    content = loader.render_to_string(template_name, context, request, using=using)
  File "/home/lab420pro/tsn/venv/lib/python3.9/site-packages/django/template/loader.py", line 62, in render_to_string
    return template.render(context, request)
  File "/home/lab420pro/tsn/venv/lib/python3.9/site-packages/django/template/backends/django.py", line 61, in render
    return self.template.render(context)
  File "/home/lab420pro/tsn/venv/lib/python3.9/site-packages/django/template/base.py", line 175, in render
    return self._render(context)
  File "/home/lab420pro/tsn/venv/lib/python3.9/site-packages/django/template/base.py", line 167, in _render
    return self.nodelist.render(context)
  File "/home/lab420pro/tsn/venv/lib/python3.9/site-packages/django/template/base.py", line 1005, in render
    return SafeString("".join([node.render_annotated(context) for node in self]))
  File "/home/lab420pro/tsn/venv/lib/python3.9/site-packages/django/template/base.py", line 1005, in <listcomp>
    return SafeString("".join([node.render_annotated(context) for node in self]))
  File "/home/lab420pro/tsn/venv/lib/python3.9/site-packages/django/template/base.py", line 966, in render_annotated
    return self.render(context)
  File "/home/lab420pro/tsn/venv/lib/python3.9/site-packages/django/template/defaulttags.py", line 471, in render
    url = reverse(view_name, args=args, kwargs=kwargs, current_app=current_app)
  File "/home/lab420pro/tsn/venv/lib/python3.9/site-packages/django/urls/base.py", line 88, in reverse
    return resolver._reverse_with_prefix(view, prefix, *args, **kwargs)
  File "/home/lab420pro/tsn/venv/lib/python3.9/site-packages/django/urls/resolvers.py", line 828, in _reverse_with_prefix
    raise NoReverseMatch(msg)
django.urls.exceptions.NoReverseMatch: Reverse for 'user_list_view' not found. 'user_list_view' is not a valid view function or pattern name.
"GET /adminpanel/dashboard/ HTTP/1.1" 500 128260
Internal Server Error: /adminpanel/dashboard/
Traceback (most recent call last):
  File "/home/lab420pro/tsn/venv/lib/python3.9/site-packages/django/core/handlers/exception.py", line 55, in inner
    response = get_response(request)
  File "/home/lab420pro/tsn/venv/lib/python3.9/site-packages/django/core/handlers/base.py", line 197, in _get_response
    response = wrapped_callback(request, *callback_args, **callback_kwargs)
  File "/home/lab420pro/tsn/venv/lib/python3.9/site-packages/django/contrib/auth/decorators.py", line 23, in _wrapper_view
    return view_func(request, *args, **kwargs)
  File "/home/lab420pro/tsn/feedback_project/adminpanel/views.py", line 33, in admin_dashboard
    return render(request, "adminpanel/dashboard_simple.html")
  File "/home/lab420pro/tsn/venv/lib/python3.9/site-packages/django/shortcuts.py", line 24, in render
    content = loader.render_to_string(template_name, context, request, using=using)
  File "/home/lab420pro/tsn/venv/lib/python3.9/site-packages/django/template/loader.py", line 62, in render_to_string
    return template.render(context, request)
  File "/home/lab420pro/tsn/venv/lib/python3.9/site-packages/django/template/backends/django.py", line 61, in render
    return self.template.render(context)
  File "/home/lab420pro/tsn/venv/lib/python3.9/site-packages/django/template/base.py", line 175, in render
    return self._render(context)
  File "/home/lab420pro/tsn/venv/lib/python3.9/site-packages/django/template/base.py", line 167, in _render
    return self.nodelist.render(context)
  File "/home/lab420pro/tsn/venv/lib/python3.9/site-packages/django/template/base.py", line 1005, in render
    return SafeString("".join([node.render_annotated(context) for node in self]))
  File "/home/lab420pro/tsn/venv/lib/python3.9/site-packages/django/template/base.py", line 1005, in <listcomp>
    return SafeString("".join([node.render_annotated(context) for node in self]))
  File "/home/lab420pro/tsn/venv/lib/python3.9/site-packages/django/template/base.py", line 966, in render_annotated
    return self.render(context)
  File "/home/lab420pro/tsn/venv/lib/python3.9/site-packages/django/template/defaulttags.py", line 471, in render
    url = reverse(view_name, args=args, kwargs=kwargs, current_app=current_app)
  File "/home/lab420pro/tsn/venv/lib/python3.9/site-packages/django/urls/base.py", line 88, in reverse
    return resolver._reverse_with_prefix(view, prefix, *args, **kwargs)
  File "/home/lab420pro/tsn/venv/lib/python3.9/site-packages/django/urls/resolvers.py", line 828, in _reverse_with_prefix
    raise NoReverseMatch(msg)
django.urls.exceptions.NoReverseMatch: Reverse for 'user_list_view' not found. 'user_list_view' is not a valid view function or pattern name.
"GET /adminpanel/dashboard/ HTTP/1.1" 500 128260
Internal Server Error: /adminpanel/dashboard/
Traceback (most recent call last):
  File "/home/lab420pro/tsn/venv/lib/python3.9/site-packages/django/core/handlers/exception.py", line 55, in inner
    response = get_response(request)
  File "/home/lab420pro/tsn/venv/lib/python3.9/site-packages/django/core/handlers/base.py", line 197, in _get_response
    response = wrapped_callback(request, *callback_args, **callback_kwargs)
  File "/home/lab420pro/tsn/venv/lib/python3.9/site-packages/django/contrib/auth/decorators.py", line 23, in _wrapper_view
    return view_func(request, *args, **kwargs)
  File "/home/lab420pro/tsn/feedback_project/adminpanel/views.py", line 33, in admin_dashboard
    return render(request, "adminpanel/dashboard_simple.html")
  File "/home/lab420pro/tsn/venv/lib/python3.9/site-packages/django/shortcuts.py", line 24, in render
    content = loader.render_to_string(template_name, context, request, using=using)
  File "/home/lab420pro/tsn/venv/lib/python3.9/site-packages/django/template/loader.py", line 62, in render_to_string
    return template.render(context, request)
  File "/home/lab420pro/tsn/venv/lib/python3.9/site-packages/django/template/backends/django.py", line 61, in render
    return self.template.render(context)
  File "/home/lab420pro/tsn/venv/lib/python3.9/site-packages/django/template/base.py", line 175, in render
    return self._render(context)
  File "/home/lab420pro/tsn/venv/lib/python3.9/site-packages/django/template/base.py", line 167, in _render
    return self.nodelist.render(context)
  File "/home/lab420pro/tsn/venv/lib/python3.9/site-packages/django/template/base.py", line 1005, in render
    return SafeString("".join([node.render_annotated(context) for node in self]))
  File "/home/lab420pro/tsn/venv/lib/python3.9/site-packages/django/template/base.py", line 1005, in <listcomp>
    return SafeString("".join([node.render_annotated(context) for node in self]))
  File "/home/lab420pro/tsn/venv/lib/python3.9/site-packages/django/template/base.py", line 966, in render_annotated
    return self.render(context)
  File "/home/lab420pro/tsn/venv/lib/python3.9/site-packages/django/template/defaulttags.py", line 471, in render
    url = reverse(view_name, args=args, kwargs=kwargs, current_app=current_app)
  File "/home/lab420pro/tsn/venv/lib/python3.9/site-packages/django/urls/base.py", line 88, in reverse
    return resolver._reverse_with_prefix(view, prefix, *args, **kwargs)
  File "/home/lab420pro/tsn/venv/lib/python3.9/site-packages/django/urls/resolvers.py", line 828, in _reverse_with_prefix
    raise NoReverseMatch(msg)
django.urls.exceptions.NoReverseMatch: Reverse for 'user_list_view' not found. 'user_list_view' is not a valid view function or pattern name.
"GET /adminpanel/dashboard/ HTTP/1.1" 500 128407
Internal Server Error: /adminpanel/user-behavior/
Traceback (most recent call last):
  File "/home/lab420pro/tsn/venv/lib/python3.9/site-packages/django/core/handlers/exception.py", line 55, in inner
    response = get_response(request)
  File "/home/lab420pro/tsn/venv/lib/python3.9/site-packages/django/core/handlers/base.py", line 197, in _get_response
    response = wrapped_callback(request, *callback_args, **callback_kwargs)
  File "/home/lab420pro/tsn/venv/lib/python3.9/site-packages/django/contrib/auth/decorators.py", line 23, in _wrapper_view
    return view_func(request, *args, **kwargs)
  File "/home/lab420pro/tsn/feedback_project/adminpanel/views.py", line 141, in user_list_view
    return render(
  File "/home/lab420pro/tsn/venv/lib/python3.9/site-packages/django/shortcuts.py", line 24, in render
    content = loader.render_to_string(template_name, context, request, using=using)
  File "/home/lab420pro/tsn/venv/lib/python3.9/site-packages/django/template/loader.py", line 62, in render_to_string
    return template.render(context, request)
  File "/home/lab420pro/tsn/venv/lib/python3.9/site-packages/django/template/backends/django.py", line 61, in render
    return self.template.render(context)
  File "/home/lab420pro/tsn/venv/lib/python3.9/site-packages/django/template/base.py", line 175, in render
    return self._render(context)
  File "/home/lab420pro/tsn/venv/lib/python3.9/site-packages/django/template/base.py", line 167, in _render
    return self.nodelist.render(context)
  File "/home/lab420pro/tsn/venv/lib/python3.9/site-packages/django/template/base.py", line 1005, in render
    return SafeString("".join([node.render_annotated(context) for node in self]))
  File "/home/lab420pro/tsn/venv/lib/python3.9/site-packages/django/template/base.py", line 1005, in <listcomp>
    return SafeString("".join([node.render_annotated(context) for node in self]))
  File "/home/lab420pro/tsn/venv/lib/python3.9/site-packages/django/template/base.py", line 966, in render_annotated
    return self.render(context)
  File "/home/lab420pro/tsn/venv/lib/python3.9/site-packages/django/template/loader_tags.py", line 157, in render
    return compiled_parent._render(context)
  File "/home/lab420pro/tsn/venv/lib/python3.9/site-packages/django/template/base.py", line 167, in _render
    return self.nodelist.render(context)
  File "/home/lab420pro/tsn/venv/lib/python3.9/site-packages/django/template/base.py", line 1005, in render
    return SafeString("".join([node.render_annotated(context) for node in self]))
  File "/home/lab420pro/tsn/venv/lib/python3.9/site-packages/django/template/base.py", line 1005, in <listcomp>
    return SafeString("".join([node.render_annotated(context) for node in self]))
  File "/home/lab420pro/tsn/venv/lib/python3.9/site-packages/django/template/base.py", line 966, in render_annotated
    return self.render(context)
  File "/home/lab420pro/tsn/venv/lib/python3.9/site-packages/django/template/defaulttags.py", line 471, in render
    url = reverse(view_name, args=args, kwargs=kwargs, current_app=current_app)
  File "/home/lab420pro/tsn/venv/lib/python3.9/site-packages/django/urls/base.py", line 88, in reverse
    return resolver._reverse_with_prefix(view, prefix, *args, **kwargs)
  File "/home/lab420pro/tsn/venv/lib/python3.9/site-packages/django/urls/resolvers.py", line 828, in _reverse_with_prefix
    raise NoReverseMatch(msg)
django.urls.exceptions.NoReverseMatch: Reverse for 'changelog_list' not found. 'changelog_list' is not a valid view function or pattern name.
"GET /adminpanel/user-behavior/ HTTP/1.1" 500 153948
Internal Server Error: /adminpanel/user-behavior/
Traceback (most recent call last):
  File "/home/lab420pro/tsn/venv/lib/python3.9/site-packages/django/core/handlers/exception.py", line 55, in inner
    response = get_response(request)
  File "/home/lab420pro/tsn/venv/lib/python3.9/site-packages/django/core/handlers/base.py", line 197, in _get_response
    response = wrapped_callback(request, *callback_args, **callback_kwargs)
  File "/home/lab420pro/tsn/venv/lib/python3.9/site-packages/django/contrib/auth/decorators.py", line 23, in _wrapper_view
    return view_func(request, *args, **kwargs)
  File "/home/lab420pro/tsn/feedback_project/adminpanel/views.py", line 141, in user_list_view
    return render(
  File "/home/lab420pro/tsn/venv/lib/python3.9/site-packages/django/shortcuts.py", line 24, in render
    content = loader.render_to_string(template_name, context, request, using=using)
  File "/home/lab420pro/tsn/venv/lib/python3.9/site-packages/django/template/loader.py", line 61, in render_to_string
    template = get_template(template_name, using=using)
  File "/home/lab420pro/tsn/venv/lib/python3.9/site-packages/django/template/loader.py", line 15, in get_template
    return engine.get_template(template_name)
  File "/home/lab420pro/tsn/venv/lib/python3.9/site-packages/django/template/backends/django.py", line 33, in get_template
    return Template(self.engine.get_template(template_name), self)
  File "/home/lab420pro/tsn/venv/lib/python3.9/site-packages/django/template/engine.py", line 175, in get_template
    template, origin = self.find_template(template_name)
  File "/home/lab420pro/tsn/venv/lib/python3.9/site-packages/django/template/engine.py", line 157, in find_template
    template = loader.get_template(name, skip=skip)
  File "/home/lab420pro/tsn/venv/lib/python3.9/site-packages/django/template/loaders/cached.py", line 57, in get_template
    template = super().get_template(template_name, skip)
  File "/home/lab420pro/tsn/venv/lib/python3.9/site-packages/django/template/loaders/base.py", line 28, in get_template
    return Template(
  File "/home/lab420pro/tsn/venv/lib/python3.9/site-packages/django/template/base.py", line 154, in __init__
    self.nodelist = self.compile_nodelist()
  File "/home/lab420pro/tsn/venv/lib/python3.9/site-packages/django/template/base.py", line 200, in compile_nodelist
    return parser.parse()
  File "/home/lab420pro/tsn/venv/lib/python3.9/site-packages/django/template/base.py", line 513, in parse
    raise self.error(token, e)
  File "/home/lab420pro/tsn/venv/lib/python3.9/site-packages/django/template/base.py", line 511, in parse
    compiled_result = compile_func(self, token)
  File "/home/lab420pro/tsn/venv/lib/python3.9/site-packages/django/template/loader_tags.py", line 293, in do_extends
    nodelist = parser.parse()
  File "/home/lab420pro/tsn/venv/lib/python3.9/site-packages/django/template/base.py", line 513, in parse
    raise self.error(token, e)
  File "/home/lab420pro/tsn/venv/lib/python3.9/site-packages/django/template/base.py", line 511, in parse
    compiled_result = compile_func(self, token)
  File "/home/lab420pro/tsn/venv/lib/python3.9/site-packages/django/template/loader_tags.py", line 232, in do_block
    nodelist = parser.parse(("endblock",))
  File "/home/lab420pro/tsn/venv/lib/python3.9/site-packages/django/template/base.py", line 513, in parse
    raise self.error(token, e)
  File "/home/lab420pro/tsn/venv/lib/python3.9/site-packages/django/template/base.py", line 511, in parse
    compiled_result = compile_func(self, token)
  File "/home/lab420pro/tsn/venv/lib/python3.9/site-packages/django/template/loader_tags.py", line 226, in do_block
    raise TemplateSyntaxError(
django.template.exceptions.TemplateSyntaxError: 'block' tag with name 'content' appears more than once
"GET /adminpanel/user-behavior/ HTTP/1.1" 500 202131
Internal Server Error: /adminpanel/user-behavior/
Traceback (most recent call last):
  File "/home/lab420pro/tsn/venv/lib/python3.9/site-packages/django/core/handlers/exception.py", line 55, in inner
    response = get_response(request)
  File "/home/lab420pro/tsn/venv/lib/python3.9/site-packages/django/core/handlers/base.py", line 197, in _get_response
    response = wrapped_callback(request, *callback_args, **callback_kwargs)
  File "/home/lab420pro/tsn/venv/lib/python3.9/site-packages/django/contrib/auth/decorators.py", line 23, in _wrapper_view
    return view_func(request, *args, **kwargs)
  File "/home/lab420pro/tsn/feedback_project/adminpanel/views.py", line 141, in user_list_view
    return render(
  File "/home/lab420pro/tsn/venv/lib/python3.9/site-packages/django/shortcuts.py", line 24, in render
    content = loader.render_to_string(template_name, context, request, using=using)
  File "/home/lab420pro/tsn/venv/lib/python3.9/site-packages/django/template/loader.py", line 62, in render_to_string
    return template.render(context, request)
  File "/home/lab420pro/tsn/venv/lib/python3.9/site-packages/django/template/backends/django.py", line 61, in render
    return self.template.render(context)
  File "/home/lab420pro/tsn/venv/lib/python3.9/site-packages/django/template/base.py", line 175, in render
    return self._render(context)
  File "/home/lab420pro/tsn/venv/lib/python3.9/site-packages/django/template/base.py", line 167, in _render
    return self.nodelist.render(context)
  File "/home/lab420pro/tsn/venv/lib/python3.9/site-packages/django/template/base.py", line 1005, in render
    return SafeString("".join([node.render_annotated(context) for node in self]))
  File "/home/lab420pro/tsn/venv/lib/python3.9/site-packages/django/template/base.py", line 1005, in <listcomp>
    return SafeString("".join([node.render_annotated(context) for node in self]))
  File "/home/lab420pro/tsn/venv/lib/python3.9/site-packages/django/template/base.py", line 966, in render_annotated
    return self.render(context)
  File "/home/lab420pro/tsn/venv/lib/python3.9/site-packages/django/template/loader_tags.py", line 157, in render
    return compiled_parent._render(context)
  File "/home/lab420pro/tsn/venv/lib/python3.9/site-packages/django/template/base.py", line 167, in _render
    return self.nodelist.render(context)
  File "/home/lab420pro/tsn/venv/lib/python3.9/site-packages/django/template/base.py", line 1005, in render
    return SafeString("".join([node.render_annotated(context) for node in self]))
  File "/home/lab420pro/tsn/venv/lib/python3.9/site-packages/django/template/base.py", line 1005, in <listcomp>
    return SafeString("".join([node.render_annotated(context) for node in self]))
  File "/home/lab420pro/tsn/venv/lib/python3.9/site-packages/django/template/base.py", line 966, in render_annotated
    return self.render(context)
  File "/home/lab420pro/tsn/venv/lib/python3.9/site-packages/django/template/loader_tags.py", line 63, in render
    result = block.nodelist.render(context)
  File "/home/lab420pro/tsn/venv/lib/python3.9/site-packages/django/template/base.py", line 1005, in render
    return SafeString("".join([node.render_annotated(context) for node in self]))
  File "/home/lab420pro/tsn/venv/lib/python3.9/site-packages/django/template/base.py", line 1005, in <listcomp>
    return SafeString("".join([node.render_annotated(context) for node in self]))
  File "/home/lab420pro/tsn/venv/lib/python3.9/site-packages/django/template/base.py", line 966, in render_annotated
    return self.render(context)
  File "/home/lab420pro/tsn/venv/lib/python3.9/site-packages/django/template/defaulttags.py", line 471, in render
    url = reverse(view_name, args=args, kwargs=kwargs, current_app=current_app)
  File "/home/lab420pro/tsn/venv/lib/python3.9/site-packages/django/urls/base.py", line 88, in reverse
    return resolver._reverse_with_prefix(view, prefix, *args, **kwargs)
  File "/home/lab420pro/tsn/venv/lib/python3.9/site-packages/django/urls/resolvers.py", line 828, in _reverse_with_prefix
    raise NoReverseMatch(msg)
django.urls.exceptions.NoReverseMatch: Reverse for 'index' not found. 'index' is not a valid view function or pattern name.
"GET /adminpanel/user-behavior/ HTTP/1.1" 500 172033
Internal Server Error: /adminpanel/user-behavior/
Traceback (most recent call last):
  File "/home/lab420pro/tsn/venv/lib/python3.9/site-packages/django/core/handlers/exception.py", line 55, in inner
    response = get_response(request)
  File "/home/lab420pro/tsn/venv/lib/python3.9/site-packages/django/core/handlers/base.py", line 197, in _get_response
    response = wrapped_callback(request, *callback_args, **callback_kwargs)
  File "/home/lab420pro/tsn/venv/lib/python3.9/site-packages/django/contrib/auth/decorators.py", line 23, in _wrapper_view
    return view_func(request, *args, **kwargs)
  File "/home/lab420pro/tsn/feedback_project/adminpanel/views.py", line 141, in user_list_view
    return render(
  File "/home/lab420pro/tsn/venv/lib/python3.9/site-packages/django/shortcuts.py", line 24, in render
    content = loader.render_to_string(template_name, context, request, using=using)
  File "/home/lab420pro/tsn/venv/lib/python3.9/site-packages/django/template/loader.py", line 62, in render_to_string
    return template.render(context, request)
  File "/home/lab420pro/tsn/venv/lib/python3.9/site-packages/django/template/backends/django.py", line 61, in render
    return self.template.render(context)
  File "/home/lab420pro/tsn/venv/lib/python3.9/site-packages/django/template/base.py", line 175, in render
    return self._render(context)
  File "/home/lab420pro/tsn/venv/lib/python3.9/site-packages/django/template/base.py", line 167, in _render
    return self.nodelist.render(context)
  File "/home/lab420pro/tsn/venv/lib/python3.9/site-packages/django/template/base.py", line 1005, in render
    return SafeString("".join([node.render_annotated(context) for node in self]))
  File "/home/lab420pro/tsn/venv/lib/python3.9/site-packages/django/template/base.py", line 1005, in <listcomp>
    return SafeString("".join([node.render_annotated(context) for node in self]))
  File "/home/lab420pro/tsn/venv/lib/python3.9/site-packages/django/template/base.py", line 966, in render_annotated
    return self.render(context)
  File "/home/lab420pro/tsn/venv/lib/python3.9/site-packages/django/template/loader_tags.py", line 157, in render
    return compiled_parent._render(context)
  File "/home/lab420pro/tsn/venv/lib/python3.9/site-packages/django/template/base.py", line 167, in _render
    return self.nodelist.render(context)
  File "/home/lab420pro/tsn/venv/lib/python3.9/site-packages/django/template/base.py", line 1005, in render
    return SafeString("".join([node.render_annotated(context) for node in self]))
  File "/home/lab420pro/tsn/venv/lib/python3.9/site-packages/django/template/base.py", line 1005, in <listcomp>
    return SafeString("".join([node.render_annotated(context) for node in self]))
  File "/home/lab420pro/tsn/venv/lib/python3.9/site-packages/django/template/base.py", line 966, in render_annotated
    return self.render(context)
  File "/home/lab420pro/tsn/venv/lib/python3.9/site-packages/django/template/loader_tags.py", line 63, in render
    result = block.nodelist.render(context)
  File "/home/lab420pro/tsn/venv/lib/python3.9/site-packages/django/template/base.py", line 1005, in render
    return SafeString("".join([node.render_annotated(context) for node in self]))
  File "/home/lab420pro/tsn/venv/lib/python3.9/site-packages/django/template/base.py", line 1005, in <listcomp>
    return SafeString("".join([node.render_annotated(context) for node in self]))
  File "/home/lab420pro/tsn/venv/lib/python3.9/site-packages/django/template/base.py", line 966, in render_annotated
    return self.render(context)
  File "/home/lab420pro/tsn/venv/lib/python3.9/site-packages/django/template/defaulttags.py", line 471, in render
    url = reverse(view_name, args=args, kwargs=kwargs, current_app=current_app)
  File "/home/lab420pro/tsn/venv/lib/python3.9/site-packages/django/urls/base.py", line 88, in reverse
    return resolver._reverse_with_prefix(view, prefix, *args, **kwargs)
  File "/home/lab420pro/tsn/venv/lib/python3.9/site-packages/django/urls/resolvers.py", line 828, in _reverse_with_prefix
    raise NoReverseMatch(msg)
django.urls.exceptions.NoReverseMatch: Reverse for 'index' not found. 'index' is not a valid view function or pattern name.
"GET /adminpanel/user-behavior/ HTTP/1.1" 500 172063
Internal Server Error: /adminpanel/user-behavior/
Traceback (most recent call last):
  File "/home/lab420pro/tsn/venv/lib/python3.9/site-packages/django/core/handlers/exception.py", line 55, in inner
    response = get_response(request)
  File "/home/lab420pro/tsn/venv/lib/python3.9/site-packages/django/core/handlers/base.py", line 197, in _get_response
    response = wrapped_callback(request, *callback_args, **callback_kwargs)
  File "/home/lab420pro/tsn/venv/lib/python3.9/site-packages/django/contrib/auth/decorators.py", line 23, in _wrapper_view
    return view_func(request, *args, **kwargs)
  File "/home/lab420pro/tsn/feedback_project/adminpanel/views.py", line 141, in user_list_view
    return render(
  File "/home/lab420pro/tsn/venv/lib/python3.9/site-packages/django/shortcuts.py", line 24, in render
    content = loader.render_to_string(template_name, context, request, using=using)
  File "/home/lab420pro/tsn/venv/lib/python3.9/site-packages/django/template/loader.py", line 62, in render_to_string
    return template.render(context, request)
  File "/home/lab420pro/tsn/venv/lib/python3.9/site-packages/django/template/backends/django.py", line 61, in render
    return self.template.render(context)
  File "/home/lab420pro/tsn/venv/lib/python3.9/site-packages/django/template/base.py", line 175, in render
    return self._render(context)
  File "/home/lab420pro/tsn/venv/lib/python3.9/site-packages/django/template/base.py", line 167, in _render
    return self.nodelist.render(context)
  File "/home/lab420pro/tsn/venv/lib/python3.9/site-packages/django/template/base.py", line 1005, in render
    return SafeString("".join([node.render_annotated(context) for node in self]))
  File "/home/lab420pro/tsn/venv/lib/python3.9/site-packages/django/template/base.py", line 1005, in <listcomp>
    return SafeString("".join([node.render_annotated(context) for node in self]))
  File "/home/lab420pro/tsn/venv/lib/python3.9/site-packages/django/template/base.py", line 966, in render_annotated
    return self.render(context)
  File "/home/lab420pro/tsn/venv/lib/python3.9/site-packages/django/template/loader_tags.py", line 157, in render
    return compiled_parent._render(context)
  File "/home/lab420pro/tsn/venv/lib/python3.9/site-packages/django/template/base.py", line 167, in _render
    return self.nodelist.render(context)
  File "/home/lab420pro/tsn/venv/lib/python3.9/site-packages/django/template/base.py", line 1005, in render
    return SafeString("".join([node.render_annotated(context) for node in self]))
  File "/home/lab420pro/tsn/venv/lib/python3.9/site-packages/django/template/base.py", line 1005, in <listcomp>
    return SafeString("".join([node.render_annotated(context) for node in self]))
  File "/home/lab420pro/tsn/venv/lib/python3.9/site-packages/django/template/base.py", line 966, in render_annotated
    return self.render(context)
  File "/home/lab420pro/tsn/venv/lib/python3.9/site-packages/django/template/loader_tags.py", line 63, in render
    result = block.nodelist.render(context)
  File "/home/lab420pro/tsn/venv/lib/python3.9/site-packages/django/template/base.py", line 1005, in render
    return SafeString("".join([node.render_annotated(context) for node in self]))
  File "/home/lab420pro/tsn/venv/lib/python3.9/site-packages/django/template/base.py", line 1005, in <listcomp>
    return SafeString("".join([node.render_annotated(context) for node in self]))
  File "/home/lab420pro/tsn/venv/lib/python3.9/site-packages/django/template/base.py", line 966, in render_annotated
    return self.render(context)
  File "/home/lab420pro/tsn/venv/lib/python3.9/site-packages/django/template/defaulttags.py", line 471, in render
    url = reverse(view_name, args=args, kwargs=kwargs, current_app=current_app)
  File "/home/lab420pro/tsn/venv/lib/python3.9/site-packages/django/urls/base.py", line 88, in reverse
    return resolver._reverse_with_prefix(view, prefix, *args, **kwargs)
  File "/home/lab420pro/tsn/venv/lib/python3.9/site-packages/django/urls/resolvers.py", line 828, in _reverse_with_prefix
    raise NoReverseMatch(msg)
django.urls.exceptions.NoReverseMatch: Reverse for 'index' not found. 'index' is not a valid view function or pattern name.
"GET /adminpanel/user-behavior/ HTTP/1.1" 500 170372
Internal Server Error: /adminpanel/user-behavior/
Traceback (most recent call last):
  File "/home/lab420pro/tsn/venv/lib/python3.9/site-packages/django/core/handlers/exception.py", line 55, in inner
    response = get_response(request)
  File "/home/lab420pro/tsn/venv/lib/python3.9/site-packages/django/core/handlers/base.py", line 197, in _get_response
    response = wrapped_callback(request, *callback_args, **callback_kwargs)
  File "/home/lab420pro/tsn/venv/lib/python3.9/site-packages/django/contrib/auth/decorators.py", line 23, in _wrapper_view
    return view_func(request, *args, **kwargs)
  File "/home/lab420pro/tsn/feedback_project/adminpanel/views.py", line 141, in user_list_view
    return render(
  File "/home/lab420pro/tsn/venv/lib/python3.9/site-packages/django/shortcuts.py", line 24, in render
    content = loader.render_to_string(template_name, context, request, using=using)
  File "/home/lab420pro/tsn/venv/lib/python3.9/site-packages/django/template/loader.py", line 62, in render_to_string
    return template.render(context, request)
  File "/home/lab420pro/tsn/venv/lib/python3.9/site-packages/django/template/backends/django.py", line 61, in render
    return self.template.render(context)
  File "/home/lab420pro/tsn/venv/lib/python3.9/site-packages/django/template/base.py", line 175, in render
    return self._render(context)
  File "/home/lab420pro/tsn/venv/lib/python3.9/site-packages/django/template/base.py", line 167, in _render
    return self.nodelist.render(context)
  File "/home/lab420pro/tsn/venv/lib/python3.9/site-packages/django/template/base.py", line 1005, in render
    return SafeString("".join([node.render_annotated(context) for node in self]))
  File "/home/lab420pro/tsn/venv/lib/python3.9/site-packages/django/template/base.py", line 1005, in <listcomp>
    return SafeString("".join([node.render_annotated(context) for node in self]))
  File "/home/lab420pro/tsn/venv/lib/python3.9/site-packages/django/template/base.py", line 966, in render_annotated
    return self.render(context)
  File "/home/lab420pro/tsn/venv/lib/python3.9/site-packages/django/template/loader_tags.py", line 157, in render
    return compiled_parent._render(context)
  File "/home/lab420pro/tsn/venv/lib/python3.9/site-packages/django/template/base.py", line 167, in _render
    return self.nodelist.render(context)
  File "/home/lab420pro/tsn/venv/lib/python3.9/site-packages/django/template/base.py", line 1005, in render
    return SafeString("".join([node.render_annotated(context) for node in self]))
  File "/home/lab420pro/tsn/venv/lib/python3.9/site-packages/django/template/base.py", line 1005, in <listcomp>
    return SafeString("".join([node.render_annotated(context) for node in self]))
  File "/home/lab420pro/tsn/venv/lib/python3.9/site-packages/django/template/base.py", line 966, in render_annotated
    return self.render(context)
  File "/home/lab420pro/tsn/venv/lib/python3.9/site-packages/django/template/loader_tags.py", line 63, in render
    result = block.nodelist.render(context)
  File "/home/lab420pro/tsn/venv/lib/python3.9/site-packages/django/template/base.py", line 1005, in render
    return SafeString("".join([node.render_annotated(context) for node in self]))
  File "/home/lab420pro/tsn/venv/lib/python3.9/site-packages/django/template/base.py", line 1005, in <listcomp>
    return SafeString("".join([node.render_annotated(context) for node in self]))
  File "/home/lab420pro/tsn/venv/lib/python3.9/site-packages/django/template/base.py", line 966, in render_annotated
    return self.render(context)
  File "/home/lab420pro/tsn/venv/lib/python3.9/site-packages/django/template/defaulttags.py", line 471, in render
    url = reverse(view_name, args=args, kwargs=kwargs, current_app=current_app)
  File "/home/lab420pro/tsn/venv/lib/python3.9/site-packages/django/urls/base.py", line 88, in reverse
    return resolver._reverse_with_prefix(view, prefix, *args, **kwargs)
  File "/home/lab420pro/tsn/venv/lib/python3.9/site-packages/django/urls/resolvers.py", line 828, in _reverse_with_prefix
    raise NoReverseMatch(msg)
django.urls.exceptions.NoReverseMatch: Reverse for 'index' not found. 'index' is not a valid view function or pattern name.
"GET /adminpanel/user-behavior/ HTTP/1.1" 500 170509
Internal Server Error: /adminpanel/user-behavior/
Traceback (most recent call last):
  File "/home/lab420pro/tsn/venv/lib/python3.9/site-packages/django/core/handlers/exception.py", line 55, in inner
    response = get_response(request)
  File "/home/lab420pro/tsn/venv/lib/python3.9/site-packages/django/core/handlers/base.py", line 197, in _get_response
    response = wrapped_callback(request, *callback_args, **callback_kwargs)
  File "/home/lab420pro/tsn/venv/lib/python3.9/site-packages/django/contrib/auth/decorators.py", line 23, in _wrapper_view
    return view_func(request, *args, **kwargs)
  File "/home/lab420pro/tsn/feedback_project/adminpanel/views.py", line 166, in user_list_view
    return render(
  File "/home/lab420pro/tsn/venv/lib/python3.9/site-packages/django/shortcuts.py", line 24, in render
    content = loader.render_to_string(template_name, context, request, using=using)
  File "/home/lab420pro/tsn/venv/lib/python3.9/site-packages/django/template/loader.py", line 62, in render_to_string
    return template.render(context, request)
  File "/home/lab420pro/tsn/venv/lib/python3.9/site-packages/django/template/backends/django.py", line 61, in render
    return self.template.render(context)
  File "/home/lab420pro/tsn/venv/lib/python3.9/site-packages/django/template/base.py", line 175, in render
    return self._render(context)
  File "/home/lab420pro/tsn/venv/lib/python3.9/site-packages/django/template/base.py", line 167, in _render
    return self.nodelist.render(context)
  File "/home/lab420pro/tsn/venv/lib/python3.9/site-packages/django/template/base.py", line 1005, in render
    return SafeString("".join([node.render_annotated(context) for node in self]))
  File "/home/lab420pro/tsn/venv/lib/python3.9/site-packages/django/template/base.py", line 1005, in <listcomp>
    return SafeString("".join([node.render_annotated(context) for node in self]))
  File "/home/lab420pro/tsn/venv/lib/python3.9/site-packages/django/template/base.py", line 966, in render_annotated
    return self.render(context)
  File "/home/lab420pro/tsn/venv/lib/python3.9/site-packages/django/template/loader_tags.py", line 157, in render
    return compiled_parent._render(context)
  File "/home/lab420pro/tsn/venv/lib/python3.9/site-packages/django/template/base.py", line 167, in _render
    return self.nodelist.render(context)
  File "/home/lab420pro/tsn/venv/lib/python3.9/site-packages/django/template/base.py", line 1005, in render
    return SafeString("".join([node.render_annotated(context) for node in self]))
  File "/home/lab420pro/tsn/venv/lib/python3.9/site-packages/django/template/base.py", line 1005, in <listcomp>
    return SafeString("".join([node.render_annotated(context) for node in self]))
  File "/home/lab420pro/tsn/venv/lib/python3.9/site-packages/django/template/base.py", line 966, in render_annotated
    return self.render(context)
  File "/home/lab420pro/tsn/venv/lib/python3.9/site-packages/django/template/loader_tags.py", line 63, in render
    result = block.nodelist.render(context)
  File "/home/lab420pro/tsn/venv/lib/python3.9/site-packages/django/template/base.py", line 1005, in render
    return SafeString("".join([node.render_annotated(context) for node in self]))
  File "/home/lab420pro/tsn/venv/lib/python3.9/site-packages/django/template/base.py", line 1005, in <listcomp>
    return SafeString("".join([node.render_annotated(context) for node in self]))
  File "/home/lab420pro/tsn/venv/lib/python3.9/site-packages/django/template/base.py", line 966, in render_annotated
    return self.render(context)
  File "/home/lab420pro/tsn/venv/lib/python3.9/site-packages/django/template/defaulttags.py", line 471, in render
    url = reverse(view_name, args=args, kwargs=kwargs, current_app=current_app)
  File "/home/lab420pro/tsn/venv/lib/python3.9/site-packages/django/urls/base.py", line 88, in reverse
    return resolver._reverse_with_prefix(view, prefix, *args, **kwargs)
  File "/home/lab420pro/tsn/venv/lib/python3.9/site-packages/django/urls/resolvers.py", line 828, in _reverse_with_prefix
    raise NoReverseMatch(msg)
django.urls.exceptions.NoReverseMatch: Reverse for 'index' not found. 'index' is not a valid view function or pattern name.
"GET /adminpanel/user-behavior/ HTTP/1.1" 500 171163
Internal Server Error: /adminpanel/user-behavior/
Traceback (most recent call last):
  File "/home/lab420pro/tsn/venv/lib/python3.9/site-packages/django/core/handlers/exception.py", line 55, in inner
    response = get_response(request)
  File "/home/lab420pro/tsn/venv/lib/python3.9/site-packages/django/core/handlers/base.py", line 197, in _get_response
    response = wrapped_callback(request, *callback_args, **callback_kwargs)
  File "/home/lab420pro/tsn/venv/lib/python3.9/site-packages/django/contrib/auth/decorators.py", line 23, in _wrapper_view
    return view_func(request, *args, **kwargs)
  File "/home/lab420pro/tsn/feedback_project/adminpanel/views.py", line 155, in user_list_view
    users = User.objects.filter(
  File "/home/lab420pro/tsn/venv/lib/python3.9/site-packages/django/db/models/manager.py", line 87, in manager_method
    return getattr(self.get_queryset(), name)(*args, **kwargs)
  File "/home/lab420pro/tsn/venv/lib/python3.9/site-packages/django/db/models/query.py", line 1436, in filter
    return self._filter_or_exclude(False, args, kwargs)
  File "/home/lab420pro/tsn/venv/lib/python3.9/site-packages/django/db/models/query.py", line 1454, in _filter_or_exclude
    clone._filter_or_exclude_inplace(negate, args, kwargs)
  File "/home/lab420pro/tsn/venv/lib/python3.9/site-packages/django/db/models/query.py", line 1461, in _filter_or_exclude_inplace
    self._query.add_q(Q(*args, **kwargs))
  File "/home/lab420pro/tsn/venv/lib/python3.9/site-packages/django/db/models/sql/query.py", line 1546, in add_q
    clause, _ = self._add_q(q_object, self.used_aliases)
  File "/home/lab420pro/tsn/venv/lib/python3.9/site-packages/django/db/models/sql/query.py", line 1577, in _add_q
    child_clause, needed_inner = self.build_filter(
  File "/home/lab420pro/tsn/venv/lib/python3.9/site-packages/django/db/models/sql/query.py", line 1405, in build_filter
    return self._add_q(
  File "/home/lab420pro/tsn/venv/lib/python3.9/site-packages/django/db/models/sql/query.py", line 1577, in _add_q
    child_clause, needed_inner = self.build_filter(
  File "/home/lab420pro/tsn/venv/lib/python3.9/site-packages/django/db/models/sql/query.py", line 1405, in build_filter
    return self._add_q(
  File "/home/lab420pro/tsn/venv/lib/python3.9/site-packages/django/db/models/sql/query.py", line 1577, in _add_q
    child_clause, needed_inner = self.build_filter(
  File "/home/lab420pro/tsn/venv/lib/python3.9/site-packages/django/db/models/sql/query.py", line 1427, in build_filter
    lookups, parts, reffed_expression = self.solve_lookup_type(arg, summarize)
  File "/home/lab420pro/tsn/venv/lib/python3.9/site-packages/django/db/models/sql/query.py", line 1237, in solve_lookup_type
    _, field, _, lookup_parts = self.names_to_path(lookup_splitted, self.get_meta())
  File "/home/lab420pro/tsn/venv/lib/python3.9/site-packages/django/db/models/sql/query.py", line 1725, in names_to_path
    raise FieldError(
django.core.exceptions.FieldError: Cannot resolve keyword 'email' into field. Choices are: bookmark, changelog, date_joined, groups, id, is_active, is_staff, is_superuser, last_login, logentry, password, phone, pinnedapplication, uploaded_tasks, user_permissions, username
"GET /adminpanel/user-behavior/?q=admin HTTP/1.1" 500 146600
Internal Server Error: /adminpanel/user-behavior/18/
Traceback (most recent call last):
  File "/home/lab420pro/tsn/venv/lib/python3.9/site-packages/django/core/handlers/exception.py", line 55, in inner
    response = get_response(request)
  File "/home/lab420pro/tsn/venv/lib/python3.9/site-packages/django/core/handlers/base.py", line 197, in _get_response
    response = wrapped_callback(request, *callback_args, **callback_kwargs)
  File "/home/lab420pro/tsn/venv/lib/python3.9/site-packages/django/contrib/auth/decorators.py", line 23, in _wrapper_view
    return view_func(request, *args, **kwargs)
  File "/home/lab420pro/tsn/feedback_project/adminpanel/views.py", line 261, in user_behavior_overview
    paginator = Paginator(all_activities, 5)
TypeError: __init__() missing 1 required positional argument: 'per_page'
"GET /adminpanel/user-behavior/18/ HTTP/1.1" 500 90399
Internal Server Error: /adminpanel/user-behavior/18/
Traceback (most recent call last):
  File "/home/lab420pro/tsn/venv/lib/python3.9/site-packages/django/core/handlers/exception.py", line 55, in inner
    response = get_response(request)
  File "/home/lab420pro/tsn/venv/lib/python3.9/site-packages/django/core/handlers/base.py", line 197, in _get_response
    response = wrapped_callback(request, *callback_args, **callback_kwargs)
  File "/home/lab420pro/tsn/venv/lib/python3.9/site-packages/django/contrib/auth/decorators.py", line 23, in _wrapper_view
    return view_func(request, *args, **kwargs)
  File "/home/lab420pro/tsn/feedback_project/adminpanel/views.py", line 261, in user_behavior_overview
    paginator = Paginator(all_activities, 10)
TypeError: __init__() missing 1 required positional argument: 'per_page'
"GET /adminpanel/user-behavior/18/ HTTP/1.1" 500 90401
Internal Server Error: /adminpanel/dashboard/
Traceback (most recent call last):
  File "/home/lab420pro/tsn/venv/lib/python3.9/site-packages/django/core/handlers/exception.py", line 55, in inner
    response = get_response(request)
  File "/home/lab420pro/tsn/venv/lib/python3.9/site-packages/django/core/handlers/base.py", line 197, in _get_response
    response = wrapped_callback(request, *callback_args, **callback_kwargs)
  File "/home/lab420pro/tsn/venv/lib/python3.9/site-packages/django/contrib/auth/decorators.py", line 23, in _wrapper_view
    return view_func(request, *args, **kwargs)
  File "/home/lab420pro/tsn/feedback_project/adminpanel/views.py", line 40, in admin_dashboard
    return render(request, "adminpanel/dashboard_simple.html")
  File "/home/lab420pro/tsn/venv/lib/python3.9/site-packages/django/shortcuts.py", line 24, in render
    content = loader.render_to_string(template_name, context, request, using=using)
  File "/home/lab420pro/tsn/venv/lib/python3.9/site-packages/django/template/loader.py", line 62, in render_to_string
    return template.render(context, request)
  File "/home/lab420pro/tsn/venv/lib/python3.9/site-packages/django/template/backends/django.py", line 61, in render
    return self.template.render(context)
  File "/home/lab420pro/tsn/venv/lib/python3.9/site-packages/django/template/base.py", line 175, in render
    return self._render(context)
  File "/home/lab420pro/tsn/venv/lib/python3.9/site-packages/django/template/base.py", line 167, in _render
    return self.nodelist.render(context)
  File "/home/lab420pro/tsn/venv/lib/python3.9/site-packages/django/template/base.py", line 1005, in render
    return SafeString("".join([node.render_annotated(context) for node in self]))
  File "/home/lab420pro/tsn/venv/lib/python3.9/site-packages/django/template/base.py", line 1005, in <listcomp>
    return SafeString("".join([node.render_annotated(context) for node in self]))
  File "/home/lab420pro/tsn/venv/lib/python3.9/site-packages/django/template/base.py", line 966, in render_annotated
    return self.render(context)
  File "/home/lab420pro/tsn/venv/lib/python3.9/site-packages/django/template/defaulttags.py", line 471, in render
    url = reverse(view_name, args=args, kwargs=kwargs, current_app=current_app)
  File "/home/lab420pro/tsn/venv/lib/python3.9/site-packages/django/urls/base.py", line 88, in reverse
    return resolver._reverse_with_prefix(view, prefix, *args, **kwargs)
  File "/home/lab420pro/tsn/venv/lib/python3.9/site-packages/django/urls/resolvers.py", line 828, in _reverse_with_prefix
    raise NoReverseMatch(msg)
django.urls.exceptions.NoReverseMatch: Reverse for 'dashboard' not found. 'dashboard' is not a valid view function or pattern name.
"GET /adminpanel/dashboard/ HTTP/1.1" 500 128470
Internal Server Error: /adminpanel/performance/dashboard/
Traceback (most recent call last):
  File "/home/lab420pro/tsn/venv/lib/python3.9/site-packages/django/core/handlers/exception.py", line 55, in inner
    response = get_response(request)
  File "/home/lab420pro/tsn/venv/lib/python3.9/site-packages/django/core/handlers/base.py", line 197, in _get_response
    response = wrapped_callback(request, *callback_args, **callback_kwargs)
  File "/home/lab420pro/tsn/venv/lib/python3.9/site-packages/django/contrib/auth/decorators.py", line 23, in _wrapper_view
    return view_func(request, *args, **kwargs)
  File "/home/lab420pro/tsn/venv/lib/python3.9/site-packages/django/contrib/auth/decorators.py", line 23, in _wrapper_view
    return view_func(request, *args, **kwargs)
  File "/home/lab420pro/tsn/feedback_project/adminpanel/views.py", line 554, in employee_performance_dashboard
    return render(request, "adminpanel/employee_performance_dashboard.html", context)
  File "/home/lab420pro/tsn/venv/lib/python3.9/site-packages/django/shortcuts.py", line 24, in render
    content = loader.render_to_string(template_name, context, request, using=using)
  File "/home/lab420pro/tsn/venv/lib/python3.9/site-packages/django/template/loader.py", line 62, in render_to_string
    return template.render(context, request)
  File "/home/lab420pro/tsn/venv/lib/python3.9/site-packages/django/template/backends/django.py", line 61, in render
    return self.template.render(context)
  File "/home/lab420pro/tsn/venv/lib/python3.9/site-packages/django/template/base.py", line 175, in render
    return self._render(context)
  File "/home/lab420pro/tsn/venv/lib/python3.9/site-packages/django/template/base.py", line 167, in _render
    return self.nodelist.render(context)
  File "/home/lab420pro/tsn/venv/lib/python3.9/site-packages/django/template/base.py", line 1005, in render
    return SafeString("".join([node.render_annotated(context) for node in self]))
  File "/home/lab420pro/tsn/venv/lib/python3.9/site-packages/django/template/base.py", line 1005, in <listcomp>
    return SafeString("".join([node.render_annotated(context) for node in self]))
  File "/home/lab420pro/tsn/venv/lib/python3.9/site-packages/django/template/base.py", line 966, in render_annotated
    return self.render(context)
  File "/home/lab420pro/tsn/venv/lib/python3.9/site-packages/django/template/defaulttags.py", line 471, in render
    url = reverse(view_name, args=args, kwargs=kwargs, current_app=current_app)
  File "/home/lab420pro/tsn/venv/lib/python3.9/site-packages/django/urls/base.py", line 88, in reverse
    return resolver._reverse_with_prefix(view, prefix, *args, **kwargs)
  File "/home/lab420pro/tsn/venv/lib/python3.9/site-packages/django/urls/resolvers.py", line 828, in _reverse_with_prefix
    raise NoReverseMatch(msg)
django.urls.exceptions.NoReverseMatch: Reverse for 'export_performance_report' not found. 'export_performance_report' is not a valid view function or pattern name.
"GET /adminpanel/performance/dashboard/ HTTP/1.1" 500 207186
Internal Server Error: /adminpanel/performance/dashboard/
Traceback (most recent call last):
  File "/home/lab420pro/tsn/venv/lib/python3.9/site-packages/django/core/handlers/exception.py", line 55, in inner
    response = get_response(request)
  File "/home/lab420pro/tsn/venv/lib/python3.9/site-packages/django/core/handlers/base.py", line 197, in _get_response
    response = wrapped_callback(request, *callback_args, **callback_kwargs)
  File "/home/lab420pro/tsn/venv/lib/python3.9/site-packages/django/contrib/auth/decorators.py", line 23, in _wrapper_view
    return view_func(request, *args, **kwargs)
  File "/home/lab420pro/tsn/venv/lib/python3.9/site-packages/django/contrib/auth/decorators.py", line 23, in _wrapper_view
    return view_func(request, *args, **kwargs)
  File "/home/lab420pro/tsn/feedback_project/adminpanel/views.py", line 488, in employee_performance_dashboard
    "feedback_count": Feedback.objects.filter(state=0, created_at__gte=feedback_start_date).count(),
  File "/home/lab420pro/tsn/venv/lib/python3.9/site-packages/django/db/models/manager.py", line 87, in manager_method
    return getattr(self.get_queryset(), name)(*args, **kwargs)
  File "/home/lab420pro/tsn/venv/lib/python3.9/site-packages/django/db/models/query.py", line 1436, in filter
    return self._filter_or_exclude(False, args, kwargs)
  File "/home/lab420pro/tsn/venv/lib/python3.9/site-packages/django/db/models/query.py", line 1454, in _filter_or_exclude
    clone._filter_or_exclude_inplace(negate, args, kwargs)
  File "/home/lab420pro/tsn/venv/lib/python3.9/site-packages/django/db/models/query.py", line 1461, in _filter_or_exclude_inplace
    self._query.add_q(Q(*args, **kwargs))
  File "/home/lab420pro/tsn/venv/lib/python3.9/site-packages/django/db/models/sql/query.py", line 1546, in add_q
    clause, _ = self._add_q(q_object, self.used_aliases)
  File "/home/lab420pro/tsn/venv/lib/python3.9/site-packages/django/db/models/sql/query.py", line 1577, in _add_q
    child_clause, needed_inner = self.build_filter(
  File "/home/lab420pro/tsn/venv/lib/python3.9/site-packages/django/db/models/sql/query.py", line 1427, in build_filter
    lookups, parts, reffed_expression = self.solve_lookup_type(arg, summarize)
  File "/home/lab420pro/tsn/venv/lib/python3.9/site-packages/django/db/models/sql/query.py", line 1237, in solve_lookup_type
    _, field, _, lookup_parts = self.names_to_path(lookup_splitted, self.get_meta())
  File "/home/lab420pro/tsn/venv/lib/python3.9/site-packages/django/db/models/sql/query.py", line 1725, in names_to_path
    raise FieldError(
django.core.exceptions.FieldError: Cannot resolve keyword 'created_at' into field. Choices are: changelogs, create_time, feedback_answer, id, record, record_id, state, username
"GET /adminpanel/performance/dashboard/ HTTP/1.1" 500 128695
Internal Server Error: /adminpanel/performance/dashboard/
Traceback (most recent call last):
  File "/home/lab420pro/tsn/venv/lib/python3.9/site-packages/django/core/handlers/exception.py", line 55, in inner
    response = get_response(request)
  File "/home/lab420pro/tsn/venv/lib/python3.9/site-packages/django/core/handlers/base.py", line 197, in _get_response
    response = wrapped_callback(request, *callback_args, **callback_kwargs)
  File "/home/lab420pro/tsn/venv/lib/python3.9/site-packages/django/contrib/auth/decorators.py", line 23, in _wrapper_view
    return view_func(request, *args, **kwargs)
  File "/home/lab420pro/tsn/venv/lib/python3.9/site-packages/django/contrib/auth/decorators.py", line 23, in _wrapper_view
    return view_func(request, *args, **kwargs)
  File "/home/lab420pro/tsn/feedback_project/adminpanel/views.py", line 488, in employee_performance_dashboard
    "feedback_count": Feedback.objects.filter(state=0, created_at__gte=feedback_start_date).count(),
  File "/home/lab420pro/tsn/venv/lib/python3.9/site-packages/django/db/models/manager.py", line 87, in manager_method
    return getattr(self.get_queryset(), name)(*args, **kwargs)
  File "/home/lab420pro/tsn/venv/lib/python3.9/site-packages/django/db/models/query.py", line 1436, in filter
    return self._filter_or_exclude(False, args, kwargs)
  File "/home/lab420pro/tsn/venv/lib/python3.9/site-packages/django/db/models/query.py", line 1454, in _filter_or_exclude
    clone._filter_or_exclude_inplace(negate, args, kwargs)
  File "/home/lab420pro/tsn/venv/lib/python3.9/site-packages/django/db/models/query.py", line 1461, in _filter_or_exclude_inplace
    self._query.add_q(Q(*args, **kwargs))
  File "/home/lab420pro/tsn/venv/lib/python3.9/site-packages/django/db/models/sql/query.py", line 1546, in add_q
    clause, _ = self._add_q(q_object, self.used_aliases)
  File "/home/lab420pro/tsn/venv/lib/python3.9/site-packages/django/db/models/sql/query.py", line 1577, in _add_q
    child_clause, needed_inner = self.build_filter(
  File "/home/lab420pro/tsn/venv/lib/python3.9/site-packages/django/db/models/sql/query.py", line 1427, in build_filter
    lookups, parts, reffed_expression = self.solve_lookup_type(arg, summarize)
  File "/home/lab420pro/tsn/venv/lib/python3.9/site-packages/django/db/models/sql/query.py", line 1237, in solve_lookup_type
    _, field, _, lookup_parts = self.names_to_path(lookup_splitted, self.get_meta())
  File "/home/lab420pro/tsn/venv/lib/python3.9/site-packages/django/db/models/sql/query.py", line 1725, in names_to_path
    raise FieldError(
django.core.exceptions.FieldError: Cannot resolve keyword 'created_at' into field. Choices are: changelogs, create_time, feedback_answer, id, record, record_id, state, username
"GET /adminpanel/performance/dashboard/ HTTP/1.1" 500 128546
Internal Server Error: /adminpanel/performance/dashboard/
Traceback (most recent call last):
  File "/home/lab420pro/tsn/venv/lib/python3.9/site-packages/django/core/handlers/exception.py", line 55, in inner
    response = get_response(request)
  File "/home/lab420pro/tsn/venv/lib/python3.9/site-packages/django/core/handlers/base.py", line 197, in _get_response
    response = wrapped_callback(request, *callback_args, **callback_kwargs)
  File "/home/lab420pro/tsn/venv/lib/python3.9/site-packages/django/contrib/auth/decorators.py", line 23, in _wrapper_view
    return view_func(request, *args, **kwargs)
  File "/home/lab420pro/tsn/venv/lib/python3.9/site-packages/django/contrib/auth/decorators.py", line 23, in _wrapper_view
    return view_func(request, *args, **kwargs)
  File "/home/lab420pro/tsn/feedback_project/adminpanel/views.py", line 555, in employee_performance_dashboard
    return render(request, "adminpanel/employee_performance_dashboard.html", context)
  File "/home/lab420pro/tsn/venv/lib/python3.9/site-packages/django/shortcuts.py", line 24, in render
    content = loader.render_to_string(template_name, context, request, using=using)
  File "/home/lab420pro/tsn/venv/lib/python3.9/site-packages/django/template/loader.py", line 61, in render_to_string
    template = get_template(template_name, using=using)
  File "/home/lab420pro/tsn/venv/lib/python3.9/site-packages/django/template/loader.py", line 15, in get_template
    return engine.get_template(template_name)
  File "/home/lab420pro/tsn/venv/lib/python3.9/site-packages/django/template/backends/django.py", line 33, in get_template
    return Template(self.engine.get_template(template_name), self)
  File "/home/lab420pro/tsn/venv/lib/python3.9/site-packages/django/template/engine.py", line 175, in get_template
    template, origin = self.find_template(template_name)
  File "/home/lab420pro/tsn/venv/lib/python3.9/site-packages/django/template/engine.py", line 157, in find_template
    template = loader.get_template(name, skip=skip)
  File "/home/lab420pro/tsn/venv/lib/python3.9/site-packages/django/template/loaders/cached.py", line 57, in get_template
    template = super().get_template(template_name, skip)
  File "/home/lab420pro/tsn/venv/lib/python3.9/site-packages/django/template/loaders/base.py", line 28, in get_template
    return Template(
  File "/home/lab420pro/tsn/venv/lib/python3.9/site-packages/django/template/base.py", line 154, in __init__
    self.nodelist = self.compile_nodelist()
  File "/home/lab420pro/tsn/venv/lib/python3.9/site-packages/django/template/base.py", line 200, in compile_nodelist
    return parser.parse()
  File "/home/lab420pro/tsn/venv/lib/python3.9/site-packages/django/template/base.py", line 513, in parse
    raise self.error(token, e)
  File "/home/lab420pro/tsn/venv/lib/python3.9/site-packages/django/template/base.py", line 511, in parse
    compiled_result = compile_func(self, token)
  File "/home/lab420pro/tsn/venv/lib/python3.9/site-packages/django/template/loader_tags.py", line 293, in do_extends
    nodelist = parser.parse()
  File "/home/lab420pro/tsn/venv/lib/python3.9/site-packages/django/template/base.py", line 513, in parse
    raise self.error(token, e)
  File "/home/lab420pro/tsn/venv/lib/python3.9/site-packages/django/template/base.py", line 511, in parse
    compiled_result = compile_func(self, token)
  File "/home/lab420pro/tsn/venv/lib/python3.9/site-packages/django/template/loader_tags.py", line 232, in do_block
    nodelist = parser.parse(("endblock",))
  File "/home/lab420pro/tsn/venv/lib/python3.9/site-packages/django/template/base.py", line 518, in parse
    self.unclosed_block_tag(parse_until)
  File "/home/lab420pro/tsn/venv/lib/python3.9/site-packages/django/template/base.py", line 581, in unclosed_block_tag
    raise self.error(token, msg)
django.template.exceptions.TemplateSyntaxError: Unclosed tag on line 2: 'block'. Looking for one of: endblock.
"GET /adminpanel/performance/dashboard/ HTTP/1.1" 500 219228
Internal Server Error: /adminpanel/user-behavior/
Traceback (most recent call last):
  File "/home/lab420pro/tsn/venv/lib/python3.9/site-packages/django/core/handlers/exception.py", line 55, in inner
    response = get_response(request)
  File "/home/lab420pro/tsn/venv/lib/python3.9/site-packages/django/core/handlers/base.py", line 197, in _get_response
    response = wrapped_callback(request, *callback_args, **callback_kwargs)
  File "/home/lab420pro/tsn/venv/lib/python3.9/site-packages/django/contrib/auth/decorators.py", line 23, in _wrapper_view
    return view_func(request, *args, **kwargs)
  File "/home/lab420pro/tsn/feedback_project/adminpanel/views.py", line 179, in user_list_view
    User.objects.filter(is_active=True)
  File "/home/lab420pro/tsn/venv/lib/python3.9/site-packages/django/db/models/query.py", line 1590, in annotate
    return self._annotate(args, kwargs, select=True)
  File "/home/lab420pro/tsn/venv/lib/python3.9/site-packages/django/db/models/query.py", line 1638, in _annotate
    clone.query.add_annotation(
  File "/home/lab420pro/tsn/venv/lib/python3.9/site-packages/django/db/models/sql/query.py", line 1133, in add_annotation
    annotation = annotation.resolve_expression(self, allow_joins=True, reuse=None)
  File "/home/lab420pro/tsn/venv/lib/python3.9/site-packages/django/db/models/aggregates.py", line 64, in resolve_expression
    c = super().resolve_expression(query, allow_joins, reuse, summarize)
  File "/home/lab420pro/tsn/venv/lib/python3.9/site-packages/django/db/models/expressions.py", line 950, in resolve_expression
    c.source_expressions[pos] = arg.resolve_expression(
  File "/home/lab420pro/tsn/venv/lib/python3.9/site-packages/django/db/models/expressions.py", line 829, in resolve_expression
    return query.resolve_ref(self.name, allow_joins, reuse, summarize)
  File "/home/lab420pro/tsn/venv/lib/python3.9/site-packages/django/db/models/sql/query.py", line 1977, in resolve_ref
    join_info = self.setup_joins(
  File "/home/lab420pro/tsn/venv/lib/python3.9/site-packages/django/db/models/sql/query.py", line 1824, in setup_joins
    path, final_field, targets, rest = self.names_to_path(
  File "/home/lab420pro/tsn/venv/lib/python3.9/site-packages/django/db/models/sql/query.py", line 1725, in names_to_path
    raise FieldError(
django.core.exceptions.FieldError: Cannot resolve keyword 'activity' into field. Choices are: bookmark, changelog, date_joined, groups, id, is_active, is_staff, is_superuser, last_login, logentry, password, phone, pinnedapplication, uploaded_tasks, user_permissions, username
"GET /adminpanel/user-behavior/ HTTP/1.1" 500 122530
Internal Server Error: /adminpanel/user-behavior/
Traceback (most recent call last):
  File "/home/lab420pro/tsn/venv/lib/python3.9/site-packages/django/core/handlers/exception.py", line 55, in inner
    response = get_response(request)
  File "/home/lab420pro/tsn/venv/lib/python3.9/site-packages/django/core/handlers/base.py", line 197, in _get_response
    response = wrapped_callback(request, *callback_args, **callback_kwargs)
  File "/home/lab420pro/tsn/venv/lib/python3.9/site-packages/django/contrib/auth/decorators.py", line 23, in _wrapper_view
    return view_func(request, *args, **kwargs)
  File "/home/lab420pro/tsn/feedback_project/adminpanel/views.py", line 185, in user_list_view
    User.objects.filter(is_active=True)
  File "/home/lab420pro/tsn/venv/lib/python3.9/site-packages/django/db/models/query.py", line 1590, in annotate
    return self._annotate(args, kwargs, select=True)
  File "/home/lab420pro/tsn/venv/lib/python3.9/site-packages/django/db/models/query.py", line 1638, in _annotate
    clone.query.add_annotation(
  File "/home/lab420pro/tsn/venv/lib/python3.9/site-packages/django/db/models/sql/query.py", line 1133, in add_annotation
    annotation = annotation.resolve_expression(self, allow_joins=True, reuse=None)
  File "/home/lab420pro/tsn/venv/lib/python3.9/site-packages/django/db/models/aggregates.py", line 64, in resolve_expression
    c = super().resolve_expression(query, allow_joins, reuse, summarize)
  File "/home/lab420pro/tsn/venv/lib/python3.9/site-packages/django/db/models/expressions.py", line 950, in resolve_expression
    c.source_expressions[pos] = arg.resolve_expression(
  File "/home/lab420pro/tsn/venv/lib/python3.9/site-packages/django/db/models/expressions.py", line 829, in resolve_expression
    return query.resolve_ref(self.name, allow_joins, reuse, summarize)
  File "/home/lab420pro/tsn/venv/lib/python3.9/site-packages/django/db/models/sql/query.py", line 1977, in resolve_ref
    join_info = self.setup_joins(
  File "/home/lab420pro/tsn/venv/lib/python3.9/site-packages/django/db/models/sql/query.py", line 1824, in setup_joins
    path, final_field, targets, rest = self.names_to_path(
  File "/home/lab420pro/tsn/venv/lib/python3.9/site-packages/django/db/models/sql/query.py", line 1725, in names_to_path
    raise FieldError(
django.core.exceptions.FieldError: Cannot resolve keyword 'changelogs' into field. Choices are: bookmark, changelog, date_joined, groups, id, is_active, is_staff, is_superuser, last_login, logentry, password, phone, pinnedapplication, uploaded_tasks, user_permissions, username
"GET /adminpanel/user-behavior/ HTTP/1.1" 500 123836
